Scenario,Iteration,S=0_Mean,S=0_CI_Lower,S=0_CI_Upper,S=1_Mean,S=1_CI_Lower,S=1_CI_Upper,S=2_Mean,S=2_CI_Lower,S=2_CI_Upper
No Intervention,0,0.300232711,0.297299968,0.303165454,0.39935021,0.395824325,0.402876096,0.300417079,0.296846348,0.30398781
Mild Propaganda,0,0.301222606,0.297766524,0.304678688,0.397564401,0.394324802,0.400804,0.301212993,0.298180145,0.304245842
Mandatory Training,0,0.299986013,0.298525488,0.301446538,0.400949041,0.398353761,0.403544322,0.299064946,0.296699104,0.301430787
No Intervention,1,0.301101141,0.298301503,0.303900778,0.402195526,0.398872612,0.40551844,0.296703334,0.292975999,0.300430669
Mild Propaganda,1,0.299930497,0.297236182,0.302624812,0.399023228,0.396397596,0.401648859,0.301046275,0.298223528,0.303869022
Mandatory Training,1,0.281702944,0.280142724,0.283263165,0.394303959,0.392343748,0.39626417,0.323993097,0.321908365,0.326077829
No Intervention,2,0.306383213,0.303017343,0.309749084,0.396183032,0.392511498,0.399854565,0.297433755,0.294083363,0.300784147
Mild Propaganda,2,0.302686947,0.299237294,0.306136601,0.39477926,0.391016733,0.398541787,0.302533793,0.298851193,0.306216393
Mandatory Training,2,0.26730358,0.265901106,0.268706055,0.387229974,0.385055659,0.389404289,0.345466446,0.343484806,0.347448086
No Intervention,3,0.30622453,0.303029101,0.30941996,0.395803527,0.392394502,0.399212553,0.297971942,0.294944678,0.300999206
Mild Propaganda,3,0.301344013,0.297979584,0.304708441,0.395812754,0.392499104,0.399126404,0.302843234,0.299499598,0.306186869
Mandatory Training,3,0.249443062,0.248054321,0.250831804,0.38541146,0.38356809,0.38725483,0.365145478,0.36310872,0.367182235
No Intervention,4,0.308850312,0.305577189,0.312123435,0.396334149,0.39270788,0.399960418,0.294815538,0.291308301,0.298322776
Mild Propaganda,4,0.297294531,0.294181874,0.300407189,0.398235285,0.394741136,0.401729434,0.304470184,0.300611613,0.308328754
Mandatory Training,4,0.237957301,0.236737616,0.239176985,0.380096197,0.3778465,0.382345893,0.381946503,0.379873443,0.384019562
No Intervention,5,0.310483148,0.306593256,0.31437304,0.392239312,0.388192675,0.396285949,0.29727754,0.29371566,0.300839421
Mild Propaganda,5,0.293484182,0.290176573,0.296791792,0.398848282,0.395630595,0.40206597,0.307667535,0.304251673,0.311083398
Mandatory Training,5,0.224362655,0.223137693,0.225587616,0.377490112,0.37544502,0.379535205,0.398147233,0.396284192,0.400010274
No Intervention,6,0.31378955,0.309734901,0.317844199,0.394398549,0.390295564,0.398501534,0.291811901,0.288600003,0.295023798
Mild Propaganda,6,0.299360425,0.296113265,0.302607584,0.395235674,0.391948979,0.398522369,0.305403902,0.302650554,0.308157249
Mandatory Training,6,0.212464424,0.211120309,0.213808539,0.373053726,0.371061246,0.375046207,0.41448185,0.412468717,0.416494982
No Intervention,7,0.31584623,0.312020268,0.319672192,0.393298843,0.389636305,0.396961382,0.290854927,0.287040349,0.294669504
Mild Propaganda,7,0.293387995,0.290140571,0.296635419,0.393841168,0.390614408,0.397067927,0.312770837,0.309487148,0.316054526
Mandatory Training,7,0.200143086,0.198849167,0.201437005,0.369365115,0.367140802,0.371589428,0.430491799,0.428531726,0.432451872
No Intervention,8,0.316172587,0.312694888,0.319650285,0.394073572,0.390503208,0.397643936,0.289753841,0.286452002,0.29305568
Mild Propaganda,8,0.295503951,0.291773896,0.299234005,0.389062437,0.385493147,0.392631727,0.315433612,0.31216381,0.318703415
Mandatory Training,8,0.188985775,0.187781201,0.19019035,0.366771637,0.36451677,0.369026504,0.444242588,0.44216375,0.446321426
No Intervention,9,0.319720355,0.316230381,0.323210329,0.388410821,0.384545673,0.392275969,0.291868823,0.288517069,0.295220578
Mild Propaganda,9,0.297172358,0.293525255,0.30081946,0.389291159,0.385888706,0.392693613,0.313536483,0.31020012,0.316872846
Mandatory Training,9,0.17950188,0.178316026,0.180687734,0.36215519,0.360447041,0.36386334,0.45834293,0.456732814,0.459953045
No Intervention,10,0.318801395,0.315485283,0.322117507,0.390796421,0.387477382,0.39411546,0.290402184,0.286817232,0.293987135
Mild Propaganda,10,0.293710521,0.290210642,0.297210399,0.390406701,0.386138099,0.394675303,0.315882778,0.312221702,0.319543855
Mandatory Training,10,0.170735405,0.169456112,0.172014698,0.360934399,0.358797229,0.363071568,0.468330196,0.466247204,0.470413189
No Intervention,11,0.323641075,0.319318236,0.327963913,0.38698437,0.383245466,0.390723274,0.289374555,0.285753035,0.292996075
Mild Propaganda,11,0.293612982,0.289280621,0.297945344,0.388642319,0.385323315,0.391961324,0.317744699,0.313845997,0.3216434
Mandatory Training,11,0.161265324,0.159896679,0.16263397,0.356970491,0.35474099,0.359199992,0.481764185,0.479529349,0.48399902
No Intervention,12,0.321629662,0.318425482,0.324833841,0.389558749,0.385884019,0.393233479,0.288811589,0.28526187,0.292361309
Mild Propaganda,12,0.294704822,0.291747577,0.297662068,0.386715562,0.383227017,0.390204108,0.318579616,0.315506876,0.321652356
Mandatory Training,12,0.153853816,0.152582815,0.155124817,0.35607508,0.353747467,0.358402692,0.490071104,0.487637008,0.4925052
No Intervention,13,0.325742032,0.322065422,0.329418641,0.388008936,0.384828386,0.391189485,0.286249033,0.282610634,0.289887432
Mild Propaganda,13,0.292729156,0.289258698,0.296199615,0.387013141,0.383336046,0.390690236,0.320257703,0.316562166,0.32395324
Mandatory Training,13,0.146883834,0.145826001,0.147941667,0.353421057,0.351527959,0.355314154,0.499695109,0.497686947,0.50170327
No Intervention,14,0.326586772,0.323347532,0.329826012,0.385853095,0.382561836,0.389144354,0.287560133,0.284345349,0.290774918
Mild Propaganda,14,0.291077083,0.287981532,0.294172634,0.386050156,0.38279636,0.389303952,0.322872761,0.319432872,0.326312649
Mandatory Training,14,0.139583515,0.13807784,0.14108919,0.353191851,0.351253123,0.35513058,0.507224634,0.505352171,0.509097097
No Intervention,15,0.328581243,0.325263243,0.331899242,0.388171328,0.38495151,0.391391146,0.283247429,0.280008084,0.286486775
Mild Propaganda,15,0.292159698,0.28870579,0.295613606,0.383672069,0.379795646,0.387548493,0.324168233,0.320319827,0.32801664
Mandatory Training,15,0.131459229,0.130280566,0.132637892,0.349880077,0.348268147,0.351492007,0.518660694,0.516941267,0.520380122
No Intervention,16,0.333041891,0.329350043,0.336733739,0.382718475,0.378463722,0.386973227,0.284239634,0.280216963,0.288262306
Mild Propaganda,16,0.293623076,0.290501395,0.296744756,0.381394733,0.378220866,0.384568599,0.324982192,0.322047024,0.32791736
Mandatory Training,16,0.124253095,0.122673571,0.125832619,0.34893744,0.346806832,0.351068048,0.526809465,0.524689467,0.528929463
No Intervention,17,0.333868883,0.330276898,0.337460868,0.381543614,0.377788272,0.385298956,0.284587503,0.280849689,0.288325317
Mild Propaganda,17,0.288685661,0.285319693,0.292051629,0.384224715,0.381068284,0.387381146,0.327089624,0.324074007,0.330105242
Mandatory Training,17,0.119195585,0.117958383,0.120432788,0.346403174,0.344436686,0.348369663,0.53440124,0.532662725,0.536139755
No Intervention,18,0.335258135,0.331723061,0.33879321,0.383806709,0.380367021,0.387246397,0.280935156,0.277555678,0.284314634
Mild Propaganda,18,0.290977764,0.287301977,0.294653552,0.382722792,0.379087338,0.386358245,0.326299444,0.323037656,0.329561232
Mandatory Training,18,0.112006122,0.110694028,0.113318215,0.345948843,0.344186675,0.347711011,0.542045035,0.540463412,0.543626657
No Intervention,19,0.338138119,0.334631477,0.341644761,0.380570832,0.377200787,0.383940877,0.281291049,0.277782523,0.284799576
Mild Propaganda,19,0.290212286,0.286855522,0.29356905,0.380256874,0.376456753,0.384056995,0.32953084,0.325622737,0.333438942
Mandatory Training,19,0.107966534,0.106561996,0.109371072,0.342268921,0.340203182,0.34433466,0.549764545,0.547778377,0.551750714
No Intervention,20,0.339334746,0.334996955,0.343672537,0.379261309,0.375466148,0.383056471,0.281403945,0.277589305,0.285218585
Mild Propaganda,20,0.288282541,0.284329318,0.292235763,0.379867289,0.376180251,0.383554327,0.33185017,0.328207215,0.335493125
Mandatory Training,20,0.103641946,0.102296048,0.104987843,0.341441214,0.338884957,0.343997472,0.55491684,0.552568993,0.557264687
No Intervention,21,0.343606242,0.340414114,0.346798371,0.37873143,0.375170891,0.382291968,0.277662328,0.273863374,0.281461282
Mild Propaganda,21,0.290912176,0.287420677,0.294403676,0.377343235,0.373874368,0.380812102,0.331744589,0.328432,0.335057178
Mandatory Training,21,0.09712436,0.095956496,0.098292224,0.33800542,0.336193438,0.339817401,0.56487022,0.563011035,0.566729404
No Intervention,22,0.341622488,0.338468769,0.344776207,0.378914457,0.375774867,0.382054048,0.279463054,0.276624211,0.282301897
Mild Propaganda,22,0.290229963,0.286911539,0.293548387,0.376337349,0.372668095,0.380006602,0.333432688,0.329437254,0.337428123
Mandatory Training,22,0.091533609,0.090336118,0.092731101,0.338242103,0.336417613,0.340066594,0.570224287,0.568393576,0.572054999
No Intervention,23,0.345500613,0.341835528,0.349165698,0.376232286,0.372254881,0.380209691,0.278267101,0.274596831,0.28193737
Mild Propaganda,23,0.288950939,0.285826214,0.292075665,0.378807395,0.375950956,0.381663834,0.332241666,0.329136723,0.335346609
Mandatory Training,23,0.088055716,0.086897072,0.089214359,0.339072483,0.336813892,0.341331073,0.572871802,0.570647936,0.575095667
No Intervention,24,0.348492984,0.344217039,0.352768928,0.380050156,0.37629507,0.383805242,0.27145686,0.267003379,0.275910342
Mild Propaganda,24,0.288873467,0.285295385,0.29245155,0.376067924,0.372690553,0.379445294,0.335058609,0.332165495,0.337951723
Mandatory Training,24,0.084275818,0.082845346,0.085706289,0.336635891,0.33441592,0.338855861,0.579088292,0.576674011,0.581502572
No Intervention,25,0.35114909,0.348068974,0.354229206,0.377065295,0.372889347,0.381241242,0.271785615,0.267914868,0.275656363
Mild Propaganda,25,0.288866706,0.285020299,0.292713113,0.374595127,0.371148787,0.378041467,0.336538167,0.332888992,0.340187341
Mandatory Training,25,0.080419134,0.079214022,0.081624247,0.33549782,0.333546761,0.337448878,0.584083046,0.5821087,0.586057392
No Intervention,26,0.353439123,0.349368488,0.357509757,0.374586717,0.371010178,0.378163256,0.271974161,0.268479419,0.275468902
Mild Propaganda,26,0.288200397,0.284658778,0.291742016,0.373408869,0.370087757,0.376729981,0.338390734,0.334582849,0.34219862
Mandatory Training,26,0.077089776,0.075847993,0.078331559,0.332381828,0.330540493,0.334223162,0.590528396,0.588457524,0.592599269
No Intervention,27,0.355515512,0.351875372,0.359155651,0.374956461,0.371867003,0.378045918,0.269528028,0.266421111,0.272634944
Mild Propaganda,27,0.285529119,0.282158918,0.28889932,0.371167131,0.36763905,0.374695213,0.343303749,0.340214293,0.346393205
Mandatory Training,27,0.072054887,0.070741084,0.073368689,0.333431315,0.331394599,0.335468031,0.594513798,0.592204936,0.59682266
No Intervention,28,0.354515356,0.351441924,0.357588788,0.372622425,0.369173387,0.376071462,0.27286222,0.269163221,0.276561218
Mild Propaganda,28,0.283393445,0.279802976,0.286983914,0.372080844,0.368698669,0.375463019,0.344525711,0.34076388,0.348287543
Mandatory Training,28,0.067877204,0.066726869,0.069027539,0.331674814,0.329873853,0.333475775,0.600447982,0.598817179,0.602078785
No Intervention,29,0.357823672,0.354351233,0.361296112,0.371609324,0.368227813,0.374990835,0.270567004,0.267109021,0.274024986
Mild Propaganda,29,0.285817766,0.282493254,0.289142278,0.369716941,0.366450008,0.372983873,0.344465293,0.341036372,0.347894215
Mandatory Training,29,0.065601411,0.064423923,0.066778899,0.332022269,0.330418276,0.333626263,0.60237632,0.600716992,0.604035648
No Intervention,30,0.359140198,0.355299615,0.362980781,0.371686435,0.367760013,0.375612856,0.269173367,0.266163469,0.272183266
Mild Propaganda,30,0.285351076,0.281305325,0.289396828,0.36843912,0.364537753,0.372340487,0.346209803,0.342244122,0.350175485
Mandatory Training,30,0.062647251,0.061205306,0.064089197,0.328969306,0.326949864,0.330988748,0.608383443,0.606339623,0.610427262
No Intervention,31,0.365442395,0.361725628,0.369159163,0.365025759,0.36133752,0.368713998,0.269531846,0.265981208,0.273082483
Mild Propaganda,31,0.284821006,0.281114822,0.288527189,0.367837406,0.364452868,0.371221945,0.347341588,0.343932228,0.350750947
Mandatory Training,31,0.058421164,0.05718428,0.059658049,0.329745339,0.327861723,0.331628954,0.611833497,0.609740418,0.613926576
No Intervention,32,0.366526687,0.363339752,0.369713622,0.365518396,0.362245569,0.368791223,0.267954917,0.264641535,0.2712683
Mild Propaganda,32,0.285176298,0.281763295,0.2885893,0.3667597,0.363402067,0.370117333,0.348064002,0.344871984,0.351256021
Mandatory Training,32,0.057437975,0.05625656,0.058619389,0.32701574,0.324687492,0.329343987,0.615546286,0.613110167,0.617982404
No Intervention,33,0.366075552,0.362726689,0.369424415,0.367947035,0.364291179,0.371602891,0.265977413,0.262432612,0.269522215
Mild Propaganda,33,0.284395337,0.280980853,0.287809821,0.368035578,0.364372509,0.371698648,0.347569085,0.344220304,0.350917866
Mandatory Training,33,0.052934575,0.051734546,0.054134603,0.328669847,0.32643427,0.330905424,0.618395578,0.616379644,0.620411512
No Intervention,34,0.36544911,0.362011123,0.368887097,0.367564068,0.363978043,0.371150093,0.266986822,0.263579907,0.270393738
Mild Propaganda,34,0.28015829,0.277807088,0.282509492,0.367347853,0.364525674,0.370170032,0.352493857,0.349259882,0.355727832
Mandatory Training,34,0.051450237,0.050214657,0.052685816,0.325575777,0.323764602,0.327386951,0.622973987,0.620914641,0.625033332
No Intervention,35,0.367459691,0.363922599,0.370996784,0.366221644,0.362740239,0.369703048,0.266318665,0.26276145,0.26987588
Mild Propaganda,35,0.282976578,0.280104201,0.285848954,0.363650228,0.359981084,0.367319373,0.353373194,0.349901952,0.356844436
Mandatory Training,35,0.047528255,0.046148535,0.048907975,0.325037452,0.323072767,0.327002136,0.627434293,0.625246849,0.629621738
No Intervention,36,0.373853764,0.370252132,0.377455396,0.361031518,0.357296812,0.364766224,0.265114718,0.261115153,0.269114283
Mild Propaganda,36,0.279443071,0.275977398,0.282908745,0.363609982,0.359622631,0.367597333,0.356946947,0.353463325,0.360430569
Mandatory Training,36,0.045848061,0.044613807,0.047082315,0.322281923,0.320388369,0.324175478,0.631870016,0.630121083,0.633618948
No Intervention,37,0.376900237,0.373662204,0.380138271,0.363139642,0.359627888,0.366651397,0.25996012,0.256350452,0.263569788
Mild Propaganda,37,0.281931033,0.278508582,0.285353484,0.363231452,0.359387877,0.367075026,0.354837515,0.351033833,0.358641197
Mandatory Training,37,0.044312523,0.04297259,0.045652456,0.320567395,0.318295191,0.322839599,0.635120082,0.632958609,0.637281555
No Intervention,38,0.373014264,0.36909383,0.376934699,0.36498759,0.360693855,0.369281324,0.261998146,0.258603606,0.265392686
Mild Propaganda,38,0.282535948,0.278964054,0.286107842,0.362136178,0.358708926,0.36556343,0.355327874,0.351671653,0.358984095
Mandatory Training,38,0.042100454,0.040771111,0.043429796,0.320682854,0.318935649,0.32243006,0.637216692,0.635514759,0.638918625
No Intervention,39,0.376576796,0.373201183,0.37995241,0.36164856,0.358005087,0.365292033,0.261774644,0.25815752,0.265391768
Mild Propaganda,39,0.278361433,0.275060777,0.28166209,0.36206483,0.358533995,0.365595666,0.359573736,0.355958511,0.363188962
Mandatory Training,39,0.039961999,0.038591845,0.041332154,0.320472031,0.31860749,0.322336573,0.639565969,0.637801811,0.641330127
No Intervention,40,0.379063674,0.376028759,0.38209859,0.358168443,0.354708065,0.36162882,0.262767883,0.259313925,0.26622184
Mild Propaganda,40,0.281820076,0.278199415,0.285440737,0.357996966,0.355044864,0.360949069,0.360182958,0.356925332,0.363440584
Mandatory Training,40,0.037041456,0.035790641,0.038292271,0.320390778,0.31814867,0.322632886,0.642567766,0.640031217,0.645104315
No Intervention,41,0.386117769,0.383229491,0.389006046,0.354631915,0.351301541,0.357962289,0.259250316,0.255641652,0.262858981
Mild Propaganda,41,0.280748407,0.277262077,0.284234737,0.356273833,0.352714475,0.359833192,0.36297776,0.360019241,0.365936278
Mandatory Training,41,0.036315892,0.035062168,0.037569616,0.317075046,0.314598842,0.31955125,0.646609061,0.64409787,0.649120253
No Intervention,42,0.38515168,0.381639715,0.388663645,0.356907357,0.353063939,0.360750775,0.257940963,0.254119583,0.261762343
Mild Propaganda,42,0.2778273,0.274285132,0.281369469,0.358576168,0.355218975,0.361933361,0.363596531,0.359947366,0.367245696
Mandatory Training,42,0.034648007,0.033477106,0.035818907,0.31685227,0.314810259,0.318894282,0.648499723,0.646569863,0.650429583
No Intervention,43,0.388250471,0.384621798,0.391879143,0.356831363,0.353823432,0.359839294,0.254918167,0.251570579,0.258265754
Mild Propaganda,43,0.279531751,0.275600638,0.283462864,0.354677561,0.351295205,0.358059917,0.365790688,0.361990296,0.369591081
Mandatory Training,43,0.034022274,0.032856623,0.035187924,0.316191671,0.314265145,0.318118198,0.649786055,0.647894706,0.651677404
No Intervention,44,0.387135569,0.383577412,0.390693726,0.357753374,0.354388068,0.361118679,0.255111058,0.250978654,0.259243462
Mild Propaganda,44,0.27665067,0.273490287,0.279811053,0.35545831,0.351515229,0.35940139,0.367891021,0.364744717,0.371037324
Mandatory Training,44,0.032754352,0.031640898,0.033867806,0.314792991,0.312737814,0.316848168,0.652452657,0.6503645,0.654540814
No Intervention,45,0.390351302,0.386948783,0.393753821,0.353015244,0.34966857,0.356361918,0.256633454,0.253008176,0.260258733
Mild Propaganda,45,0.276030665,0.272415485,0.279645844,0.355689754,0.352227576,0.359151932,0.368279581,0.365338104,0.371221059
Mandatory Training,45,0.031329074,0.030450342,0.032207806,0.314607819,0.312357789,0.316857848,0.654063108,0.651608505,0.656517711
No Intervention,46,0.391175575,0.387834949,0.3945162,0.355038882,0.350833619,0.359244144,0.253785544,0.250737624,0.256833463
Mild Propaganda,46,0.275226696,0.271677902,0.278775491,0.352709965,0.349248707,0.356171223,0.372063338,0.369288265,0.374838412
Mandatory Training,46,0.030732918,0.029857844,0.031607993,0.313052662,0.310791397,0.315313927,0.65621442,0.653850947,0.658577893
No Intervention,47,0.399446631,0.3958617,0.403031561,0.350998851,0.347473744,0.354523958,0.249554518,0.246078793,0.253030244
Mild Propaganda,47,0.276411839,0.272769458,0.280054221,0.351368937,0.347360036,0.355377838,0.372219224,0.368859723,0.375578724
Mandatory Training,47,0.029781234,0.029146076,0.030416392,0.313278438,0.311008386,0.315548491,0.656940327,0.654712754,0.659167901
No Intervention,48,0.39740823,0.394082922,0.400733537,0.349720304,0.345874653,0.353565954,0.252871466,0.249003665,0.256739268
Mild Propaganda,48,0.272152568,0.268675376,0.27562976,0.35471834,0.351157606,0.358279073,0.373129092,0.369688465,0.376569719
Mandatory Training,48,0.029174019,0.028738767,0.029609271,0.312101004,0.31013341,0.314068598,0.658724977,0.656836752,0.660613203
No Intervention,49,0.398090987,0.394179465,0.402002509,0.352648203,0.349747166,0.355549239,0.24926081,0.246087458,0.252434163
Mild Propaganda,49,0.275516463,0.272305243,0.278727684,0.352049747,0.348833344,0.35526615,0.37243379,0.369025078,0.375842502
Mandatory Training,49,0.028978286,0.028616347,0.029340225,0.309586485,0.307142122,0.312030848,0.661435229,0.658966698,0.66390376
No Intervention,50,0.404128141,0.400310516,0.407945766,0.345259101,0.341439818,0.349078384,0.250612758,0.247145027,0.254080489
Mild Propaganda,50,0.277019982,0.27404458,0.279995385,0.347085949,0.343365462,0.350806435,0.375894069,0.372291692,0.379496446
Mandatory Training,50,0.029057302,0.028672808,0.029441796,0.308854999,0.30654672,0.311163279,0.662087698,0.659718182,0.664457215
No Intervention,51,0.404184976,0.400455898,0.407914053,0.349032349,0.345951311,0.352113388,0.246782675,0.242989882,0.250575468
Mild Propaganda,51,0.269486195,0.265362362,0.273610028,0.350630602,0.347434037,0.353827168,0.379883203,0.375827449,0.383938957
Mandatory Training,51,0.028805436,0.028500863,0.02911001,0.307206011,0.30503537,0.309376653,0.663988552,0.661884512,0.666092593
No Intervention,52,0.403551406,0.399929766,0.407173045,0.347123843,0.343260612,0.350987074,0.249324751,0.245536545,0.253112957
Mild Propaganda,52,0.273967095,0.270152804,0.277781386,0.347465614,0.343938444,0.350992784,0.378567291,0.375479303,0.381655278
Mandatory Training,52,0.028743463,0.028566316,0.028920611,0.306891418,0.305105129,0.308677707,0.664365119,0.662587843,0.666142395
No Intervention,53,0.404153832,0.400547428,0.407760236,0.347897313,0.344883912,0.350910714,0.247948855,0.243863711,0.252034
Mild Propaganda,53,0.275396183,0.272601999,0.278190366,0.347913429,0.344384428,0.35144243,0.376690388,0.373738858,0.379641918
Mandatory Training,53,0.028568867,0.028452167,0.028685567,0.304785467,0.302722154,0.306848779,0.666645666,0.664629686,0.668661646
No Intervention,54,0.412464317,0.408842542,0.416086092,0.344688876,0.341291101,0.348086651,0.242846807,0.239009103,0.246684511
Mild Propaganda,54,0.270436192,0.266381256,0.274491127,0.345567888,0.342229648,0.348906127,0.383995921,0.380671572,0.38732027
Mandatory Training,54,0.028706318,0.028585215,0.02882742,0.303843757,0.301953123,0.305734391,0.667449926,0.665617005,0.669282846
No Intervention,55,0.413078632,0.408897827,0.417259437,0.342265425,0.338074761,0.346456089,0.244655943,0.240731596,0.248580291
Mild Propaganda,55,0.271235509,0.266908985,0.275562033,0.344675098,0.340934749,0.348415447,0.384089393,0.379913317,0.388265469
Mandatory Training,55,0.028598329,0.028489237,0.028707422,0.303820127,0.301948562,0.305691692,0.667581543,0.665753697,0.669409389
No Intervention,56,0.415880011,0.41215506,0.419604961,0.342385887,0.338818264,0.345953511,0.241734102,0.238545744,0.24492246
Mild Propaganda,56,0.269392971,0.266731034,0.272054909,0.345862685,0.342633734,0.349091637,0.384744343,0.381225892,0.388262794
Mandatory Training,56,0.028696381,0.028568937,0.028823825,0.300426923,0.298477507,0.30237634,0.670876696,0.668983408,0.672769983
No Intervention,57,0.41381353,0.41012293,0.41750413,0.342619047,0.338678438,0.346559656,0.243567423,0.240017554,0.247117292
Mild Propaganda,57,0.26798497,0.264458379,0.271511562,0.341705777,0.33871604,0.344695513,0.390309253,0.386954278,0.393664229
Mandatory Training,57,0.028837616,0.028647096,0.029028136,0.29947657,0.297948065,0.301005074,0.671685814,0.670202897,0.673168731
No Intervention,58,0.418509708,0.414463116,0.422556301,0.340779891,0.337687073,0.343872709,0.240710401,0.23708766,0.244333141
Mild Propaganda,58,0.271782847,0.267837744,0.27572795,0.339954323,0.336455076,0.34345357,0.38826283,0.384137207,0.392388454
Mandatory Training,58,0.028788238,0.028675571,0.028900905,0.298377188,0.296237786,0.30051659,0.672834574,0.670725006,0.674944141
No Intervention,59,0.420491651,0.417204247,0.423779054,0.339014307,0.336172214,0.3418564,0.240494042,0.237228847,0.243759238
Mild Propaganda,59,0.270043484,0.266719748,0.27336722,0.340351287,0.336783188,0.343919386,0.389605228,0.38665622,0.392554236
Mandatory Training,59,0.02875715,0.028648106,0.028866193,0.297037731,0.295121503,0.29895396,0.674205119,0.672321983,0.676088255
No Intervention,60,0.422153625,0.418376089,0.425931162,0.339742393,0.336330846,0.34315394,0.238103982,0.234713384,0.24149458
Mild Propaganda,60,0.269834809,0.265929094,0.273740524,0.340020057,0.336671406,0.343368708,0.390145134,0.386668539,0.393621729
Mandatory Training,60,0.028783814,0.02867032,0.028897309,0.297787673,0.295494737,0.300080609,0.673428512,0.671189185,0.675667839
No Intervention,61,0.422590671,0.419674507,0.425506835,0.338452077,0.334556807,0.342347347,0.238957252,0.235513404,0.2424011
Mild Propaganda,61,0.265582545,0.262900506,0.268264585,0.340813928,0.337944164,0.343683691,0.393603527,0.390378234,0.39682882
Mandatory Training,61,0.028859729,0.028760553,0.028958905,0.294731631,0.292634284,0.296828977,0.67640864,0.67434608,0.678471201
No Intervention,62,0.424296947,0.421446811,0.427147082,0.339553348,0.336216646,0.342890051,0.236149705,0.232640832,0.239658578
Mild Propaganda,62,0.26947737,0.265453216,0.273501524,0.336260334,0.332240769,0.3402799,0.394262296,0.390611334,0.397913257
Mandatory Training,62,0.028946149,0.028840613,0.029051686,0.292845896,0.29118489,0.294506902,0.678207954,0.676569395,0.679846514
No Intervention,63,0.428097262,0.424080306,0.432114218,0.338042965,0.334290299,0.341795631,0.233859773,0.230348902,0.237370643
Mild Propaganda,63,0.269321062,0.265714913,0.272927211,0.335616564,0.331801196,0.339431931,0.395062374,0.391366515,0.398758233
Mandatory Training,63,0.028994662,0.028872756,0.029116567,0.292799032,0.290614508,0.294983555,0.678206307,0.676057429,0.680355184
No Intervention,64,0.431906934,0.428680011,0.435133856,0.33421766,0.331075527,0.337359793,0.233875406,0.230492748,0.237258065
Mild Propaganda,64,0.267916843,0.264204716,0.271628971,0.336383602,0.332760854,0.340006351,0.395699555,0.391602412,0.399796697
Mandatory Training,64,0.028931941,0.028793943,0.02906994,0.292098855,0.290325983,0.293871728,0.678969203,0.677226894,0.680711512
No Intervention,65,0.431252901,0.427939384,0.434566418,0.334135077,0.330772932,0.337497222,0.234612022,0.231342509,0.237881535
Mild Propaganda,65,0.266895291,0.2635742,0.270216383,0.335645889,0.332586857,0.33870492,0.39745882,0.393827791,0.401089849
Mandatory Training,65,0.028949915,0.028856123,0.029043707,0.290762398,0.288483897,0.293040899,0.680287687,0.678050701,0.682524674
No Intervention,66,0.432413531,0.429091174,0.435735888,0.332769246,0.329553803,0.335984689,0.234817223,0.23057719,0.239057256
Mild Propaganda,66,0.267893324,0.264052289,0.271734359,0.332764553,0.329695154,0.335833952,0.399342123,0.396281659,0.402402588
Mandatory Training,66,0.028969026,0.028859362,0.029078689,0.289807148,0.287861052,0.291753244,0.681223826,0.679338028,0.683109624
No Intervention,67,0.434739536,0.431823455,0.437655617,0.332619081,0.329191588,0.336046574,0.232641383,0.229090138,0.236192627
Mild Propaganda,67,0.264556549,0.260752617,0.268360481,0.331111376,0.328075119,0.334147633,0.404332075,0.400194617,0.408469533
Mandatory Training,67,0.029042434,0.028951459,0.029133408,0.29075017,0.288625537,0.292874802,0.680207397,0.678122102,0.682292691
No Intervention,68,0.435661007,0.432536849,0.438785164,0.331158347,0.328052974,0.33426372,0.233180647,0.229748158,0.236613135
Mild Propaganda,68,0.266102149,0.262461754,0.269742545,0.330998342,0.327592131,0.334404553,0.402899508,0.399211759,0.406587258
Mandatory Training,68,0.029137913,0.029030667,0.029245159,0.286242799,0.284107904,0.288377695,0.684619288,0.682503417,0.686735159
No Intervention,69,0.438149488,0.434540572,0.441758403,0.328374126,0.324982463,0.331765789,0.233476386,0.230002776,0.236949997
Mild Propaganda,69,0.266926778,0.263998546,0.26985501,0.328704525,0.325413706,0.331995343,0.404368697,0.401170689,0.407566705
Mandatory Training,69,0.029100833,0.028971621,0.029230045,0.286151617,0.283642757,0.288660476,0.68474755,0.68228735,0.687207751
No Intervention,70,0.440579056,0.437113305,0.444044807,0.330732967,0.326784158,0.334681775,0.228687977,0.224757248,0.232618706
Mild Propaganda,70,0.264817248,0.261270815,0.26836368,0.329421699,0.325979841,0.332863556,0.405761054,0.402531874,0.408990233
Mandatory Training,70,0.029089314,0.028936953,0.029241676,0.28518263,0.283037435,0.287327825,0.685728056,0.683638569,0.687817543
No Intervention,71,0.446108682,0.442819794,0.44939757,0.326439959,0.322821972,0.330057945,0.22745136,0.223626036,0.231276683
Mild Propaganda,71,0.267860957,0.265173596,0.270548318,0.325975262,0.322833456,0.329117068,0.406163781,0.402671277,0.409656285
Mandatory Training,71,0.029140941,0.029022149,0.029259732,0.285065125,0.282861381,0.287268869,0.685793934,0.683633579,0.687954289
No Intervention,72,0.449495183,0.446163111,0.452827254,0.323739936,0.320462135,0.327017737,0.226764881,0.223644571,0.229885192
Mild Propaganda,72,0.264871891,0.26135945,0.268384333,0.325425477,0.322364832,0.328486123,0.409702631,0.405891184,0.413514078
Mandatory Training,72,0.029170724,0.029062168,0.02927928,0.282756419,0.280548545,0.284964293,0.688072857,0.685909781,0.690235933
No Intervention,73,0.449933584,0.446213096,0.453654071,0.322689112,0.31927963,0.326098595,0.227377304,0.223464145,0.231290463
Mild Propaganda,73,0.261668872,0.258291061,0.265046684,0.325793136,0.323151472,0.3284348,0.412537991,0.409762234,0.415313749
Mandatory Training,73,0.029311418,0.029196311,0.029426525,0.283228741,0.281212707,0.285244775,0.687459841,0.685470748,0.689448934
No Intervention,74,0.451656405,0.44802256,0.455290249,0.325290645,0.321935705,0.328645585,0.22305295,0.219186651,0.226919249
Mild Propaganda,74,0.263471396,0.259827621,0.267115171,0.322887269,0.319398338,0.326376199,0.413641336,0.409231471,0.4180512
Mandatory Training,74,0.029266741,0.029174112,0.029359371,0.280600832,0.278577125,0.28262454,0.690132426,0.68813566,0.692129193
No Intervention,75,0.452372986,0.449034743,0.455711228,0.32337521,0.320345528,0.326404892,0.224251804,0.220677232,0.227826376
Mild Propaganda,75,0.262857215,0.259391536,0.266322894,0.323913012,0.320867141,0.326958882,0.413229773,0.409354611,0.417104936
Mandatory Training,75,0.029383915,0.029247256,0.029520574,0.27783472,0.275828592,0.279840849,0.692781365,0.690801515,0.694761215
No Intervention,76,0.452726651,0.449041079,0.456412224,0.324495148,0.320505656,0.328484641,0.2227782,0.21886742,0.226688981
Mild Propaganda,76,0.259623015,0.256152181,0.26309385,0.324651488,0.32079453,0.328508446,0.415725496,0.412519372,0.418931621
Mandatory Training,76,0.029303706,0.029190579,0.029416833,0.280635387,0.278422234,0.28284854,0.690060907,0.687882653,0.692239161
No Intervention,77,0.455679676,0.451859288,0.459500064,0.321862,0.318733872,0.324990128,0.222458324,0.219158357,0.225758291
Mild Propaganda,77,0.26181243,0.258378469,0.265246391,0.323195934,0.320116432,0.326275436,0.414991636,0.411327192,0.41865608
Mandatory Training,77,0.029381636,0.029264169,0.029499103,0.277795068,0.275251389,0.280338746,0.692823296,0.690316805,0.695329788
No Intervention,78,0.456854387,0.453209152,0.460499622,0.323294572,0.319030043,0.327559101,0.219851041,0.216459446,0.223242636
Mild Propaganda,78,0.261672184,0.258048867,0.265295502,0.319617338,0.316148959,0.323085716,0.418710478,0.415294389,0.422126568
Mandatory Training,78,0.029366456,0.029242844,0.029490068,0.275254244,0.273298454,0.277210033,0.695379301,0.693457703,0.697300898
No Intervention,79,0.457885813,0.45452645,0.461245176,0.322392877,0.31889516,0.325890593,0.219721311,0.2159827,0.223459921
Mild Propaganda,79,0.261982451,0.259146314,0.264818587,0.318573811,0.315236664,0.321910958,0.419443738,0.416166261,0.422721215
Mandatory Training,79,0.029569076,0.0294483,0.029689852,0.274579652,0.272506371,0.276652932,0.695851273,0.693843146,0.6978594
No Intervention,80,0.461171896,0.457217652,0.46512614,0.319187973,0.315319819,0.323056126,0.219640132,0.215993604,0.223286659
Mild Propaganda,80,0.257116848,0.253745613,0.260488083,0.31926655,0.316365224,0.322167876,0.423616602,0.420140317,0.427092886
Mandatory Training,80,0.029478978,0.029364935,0.029593021,0.275240886,0.273346583,0.277135189,0.695280136,0.693432049,0.697128223
No Intervention,81,0.465981739,0.462750894,0.469212584,0.315097269,0.311641789,0.318552749,0.218920992,0.215492957,0.222349026
Mild Propaganda,81,0.258352848,0.255246295,0.261459402,0.318911802,0.315207593,0.32261601,0.42273535,0.419271179,0.426199521
Mandatory Training,81,0.02955548,0.029421425,0.029689534,0.271525789,0.269295886,0.273755691,0.698918732,0.696740172,0.701097291
No Intervention,82,0.468003151,0.464230173,0.471776128,0.316836106,0.313843373,0.319828839,0.215160743,0.211109534,0.219211953
Mild Propaganda,82,0.259428003,0.255115893,0.263740113,0.317950086,0.314244568,0.321655604,0.422621911,0.418521634,0.426722188
Mandatory Training,82,0.029620095,0.029489641,0.029750549,0.271017591,0.268495984,0.273539199,0.699362314,0.696909474,0.701815153
No Intervention,83,0.465588445,0.461723909,0.469452981,0.316047548,0.312693053,0.319402043,0.218364006,0.214748489,0.221979524
Mild Propaganda,83,0.261665555,0.258201196,0.265129914,0.314256281,0.31043709,0.318075472,0.424078164,0.420670122,0.427486205
Mandatory Training,83,0.029627311,0.029505745,0.029748878,0.269168353,0.267014772,0.271321933,0.701204336,0.69910462,0.703304052
No Intervention,84,0.468524617,0.465218154,0.47183108,0.314085272,0.310782837,0.317387708,0.217390111,0.213909086,0.220871136
Mild Propaganda,84,0.259032618,0.255569286,0.26249595,0.31654231,0.313147157,0.319937462,0.424425072,0.421039713,0.427810432
Mandatory Training,84,0.029661595,0.029561388,0.029761802,0.270007345,0.268143808,0.271870881,0.70033106,0.698516172,0.702145949
No Intervention,85,0.469572449,0.465984012,0.473160886,0.316566002,0.313657213,0.319474791,0.213861549,0.209704246,0.218018852
Mild Propaganda,85,0.258388868,0.255259098,0.261518638,0.314391408,0.310773326,0.31800949,0.427219725,0.423955698,0.430483751
Mandatory Training,85,0.029707469,0.029567966,0.029846972,0.269729797,0.267635819,0.271823775,0.700562734,0.698528613,0.702596855
No Intervention,86,0.4730741,0.46970717,0.476441029,0.314201964,0.310389143,0.318014786,0.212723936,0.208721514,0.216726358
Mild Propaganda,86,0.254588007,0.250887805,0.258288209,0.312171787,0.308717949,0.315625625,0.433240206,0.430285304,0.436195108
Mandatory Training,86,0.029629172,0.029518094,0.02974025,0.268976287,0.266699001,0.271253574,0.701394541,0.699167043,0.703622039
No Intervention,87,0.478809617,0.475360009,0.482259225,0.310844414,0.306821028,0.3148678,0.210345969,0.206817017,0.21387492
Mild Propaganda,87,0.256089938,0.253101504,0.259078371,0.313468753,0.310421065,0.31651644,0.43044131,0.427228097,0.433654523
Mandatory Training,87,0.029758691,0.029649654,0.029867729,0.266798426,0.264456983,0.26913987,0.703442882,0.70113792,0.705747844
No Intervention,88,0.479060824,0.476034368,0.482087281,0.3097874,0.306494964,0.313079836,0.211151776,0.207262053,0.215041498
Mild Propaganda,88,0.255465606,0.251575034,0.259356177,0.309638701,0.306301519,0.312975883,0.434895693,0.430750513,0.439040873
Mandatory Training,88,0.029951985,0.029845308,0.030058662,0.264621649,0.262534361,0.266708937,0.705426366,0.703375098,0.707477634
No Intervention,89,0.47632098,0.47277191,0.479870049,0.313357337,0.309856749,0.316857924,0.210321683,0.206827446,0.213815921
Mild Propaganda,89,0.255318079,0.250856995,0.259779163,0.30750664,0.304124865,0.310888414,0.437175281,0.432730485,0.441620077
Mandatory Training,89,0.029864683,0.029766587,0.029962779,0.263365008,0.261045445,0.265684571,0.706770309,0.704482823,0.707817937
No Intervention,90,0.480265376,0.476698171,0.48383258,0.311220793,0.307832481,0.314609106,0.208513831,0.205132469,0.211895193
Mild Propaganda,90,0.252957597,0.249266934,0.256648261,0.309067005,0.305179676,0.312954335,0.437975397,0.434142268,0.441808526
Mandatory Training,90,0.029939354,0.029794263,0.030084445,0.262238899,0.259615813,0.264861984,0.707821747,0.705287038,0.70847938
No Intervention,91,0.482802681,0.479561917,0.486043445,0.308664934,0.304644575,0.312685293,0.208532385,0.20456852,0.21249625
Mild Propaganda,91,0.25226484,0.24896275,0.255566931,0.309668796,0.306272143,0.313065448,0.438066364,0.43430375,0.441828978
Mandatory Training,91,0.030007346,0.029893413,0.030121279,0.261122215,0.258530022,0.263714408,0.708870439,0.706296115,0.709382762
No Intervention,92,0.48291781,0.478764689,0.48707093,0.311211114,0.307457297,0.314964931,0.205871076,0.202456555,0.209285597
Mild Propaganda,92,0.254023665,0.250002756,0.258044575,0.306884592,0.302797221,0.310971963,0.439091743,0.435554537,0.442628949
Mandatory Training,92,0.030016489,0.029899995,0.030132984,0.257181687,0.25521849,0.259144884,0.712801824,0.710866767,0.719668609
No Intervention,93,0.490086922,0.486931118,0.493242727,0.30446811,0.301174844,0.307761376,0.205444968,0.201679423,0.209210512
Mild Propaganda,93,0.250053658,0.246625815,0.253481501,0.308419424,0.304799426,0.312039422,0.441526918,0.437690662,0.445363173
Mandatory Training,93,0.029969821,0.029839446,0.030100196,0.260750683,0.258689675,0.262811691,0.709279496,0.707270996,0.710714908
No Intervention,94,0.49040483,0.487117866,0.493691795,0.304810208,0.301229033,0.308391383,0.204784962,0.201667149,0.207902774
Mild Propaganda,94,0.255281153,0.251298039,0.259264267,0.304011936,0.299945478,0.308078394,0.440706911,0.436516438,0.444897383
Mandatory Training,94,0.030045014,0.029918256,0.030171773,0.260885293,0.258585835,0.263184752,0.709069692,0.706829758,0.713077847
No Intervention,95,0.489622338,0.485478134,0.493766543,0.305794293,0.301634204,0.309954381,0.204583369,0.201290361,0.207876377
Mild Propaganda,95,0.251814149,0.248249463,0.255378836,0.302162419,0.298953607,0.305371232,0.446023431,0.442775021,0.449271842
Mandatory Training,95,0.030158628,0.030040689,0.030276567,0.258770342,0.256657138,0.260883546,0.71107103,0.709011299,0.710444028
No Intervention,96,0.491908385,0.488474886,0.495341884,0.304258419,0.300428542,0.308088296,0.203833196,0.200371312,0.20729508
Mild Propaganda,96,0.251995536,0.24824885,0.255742221,0.303729483,0.300476156,0.306982809,0.444274982,0.440456372,0.448093592
Mandatory Training,96,0.030219951,0.03009191,0.030347992,0.255067951,0.2528646,0.257271301,0.714712098,0.712569595,0.719695919
No Intervention,97,0.495986027,0.492261118,0.499710936,0.304670657,0.300570976,0.308770338,0.199343316,0.19547066,0.203215972
Mild Propaganda,97,0.249960298,0.246864412,0.253056185,0.303429163,0.300239353,0.306618973,0.446610539,0.442895491,0.450325586
Mandatory Training,97,0.030249524,0.03011458,0.030384467,0.254697929,0.25249344,0.256902418,0.715052547,0.712916819,0.717413564
No Intervention,98,0.500227977,0.496595684,0.503860269,0.299389964,0.295833882,0.302946045,0.200382059,0.196486165,0.204277953
Mild Propaganda,98,0.247386106,0.243397011,0.251375201,0.301436091,0.297930452,0.304941731,0.451177803,0.447225815,0.45512979
Mandatory Training,98,0.030193603,0.030080152,0.030307055,0.255248492,0.253070342,0.257426642,0.714557905,0.712435489,0.719177595
No Intervention,99,0.500113363,0.497030745,0.503195982,0.300356161,0.296589364,0.304122958,0.199530476,0.196015515,0.203045437
Mild Propaganda,99,0.25167023,0.248183871,0.255156589,0.29994539,0.296210961,0.303679818,0.44838438,0.445114212,0.451654548
Mandatory Training,99,0.030373785,0.030261104,0.030486467,0.252692785,0.250527039,0.254858531,0.71693343,0.71481697,0.719937226
