Simulation_ID,Iteration_0,Iteration_1,Iteration_2,Iteration_3,Iteration_4,Iteration_5,Iteration_6,Iteration_7,Iteration_8,Iteration_9,Iteration_10,Iteration_11,Iteration_12,Iteration_13,Iteration_14,Iteration_15,Iteration_16,Iteration_17,Iteration_18,Iteration_19,Iteration_20,Iteration_21,Iteration_22,Iteration_23,Iteration_24,Iteration_25,Iteration_26,Iteration_27,Iteration_28,Iteration_29,Iteration_30,Iteration_31,Iteration_32,Iteration_33,Iteration_34,Iteration_35,Iteration_36,Iteration_37,Iteration_38,Iteration_39,Iteration_40,Iteration_41,Iteration_42,Iteration_43,Iteration_44,Iteration_45,Iteration_46,Iteration_47,Iteration_48,Iteration_49,Iteration_50,Iteration_51,Iteration_52,Iteration_53,Iteration_54,Iteration_55,Iteration_56,Iteration_57,Iteration_58,Iteration_59,Iteration_60,Iteration_61,Iteration_62,Iteration_63,Iteration_64,Iteration_65,Iteration_66,Iteration_67,Iteration_68,Iteration_69,Iteration_70,Iteration_71,Iteration_72,Iteration_73,Iteration_74,Iteration_75,Iteration_76,Iteration_77,Iteration_78,Iteration_79,Iteration_80,Iteration_81,Iteration_82,Iteration_83,Iteration_84,Iteration_85,Iteration_86,Iteration_87,Iteration_88,Iteration_89,Iteration_90,Iteration_91,Iteration_92,Iteration_93,Iteration_94,Iteration_95,Iteration_96,Iteration_97,Iteration_98,Iteration_99
0,43362.38840891935,46033.41262718684,46790.451222216834,48602.07682082747,49238.020772921314,49395.912228961635,50075.47659106111,49999.74452413719,53212.44816721727,53221.247204320985,54373.2308138001,53462.334517702795,53573.205047573916,53560.065383397334,55745.60884572262,54498.2976306516,58367.78130604785,54957.53828654738,57208.090540547564,59090.14773404226,58237.756363149216,58018.66006798282,56916.03552531135,56673.02055594103,59491.81932479196,60596.49144069139,58469.57443356405,57823.0450910934,56421.346186003844,58363.77418474203,59562.911973978735,61766.62714158966,60794.2493374449,60482.448793488424,59757.68522004267,59651.67768559797,62144.571911089544,60798.14250641977,58127.182320984444,59929.101592879626,59788.922091086424,60239.44487161545,61641.721727713404,60903.96608996318,61003.03265783394,62729.7876313366,60372.452138475455,63496.31009529315,60501.473422722476,61458.77128463532,61056.09779861339,61580.75737087561,62002.75463234683,62024.07656565224,60631.75592165133,60217.956322552294,64597.28527041916,61038.91567092453,62483.27869976252,59737.99928223865,61353.098875005904,61556.0758012537,62294.87898981042,58478.130224861554,61960.8847990717,60397.20686503053,62180.50007508174,60561.15083076643,60790.75915958553,61500.76565986931,60577.34407310074,61279.80799024878,60428.043377914684,59669.3126985217,63099.106727239065,60330.19646962683,61678.425194669326,62803.22248333422,61168.285481827814,60922.06758297238,62189.410556505776,63264.738711248174,60524.99170055157,61752.62515229644,59858.142802858994,61469.34938086147,61986.02900318961,60922.98199922253,61403.46072300802,60265.08408073445,62050.355546654464,63227.4119690774,60646.5486141933,61218.29355932012,62570.78020463486,63424.3151029098,60179.92575170533,61771.03354170443,62315.036426693194,61854.40607460707
1,42027.8495197475,46697.689265633024,48945.25719757866,48221.57129907772,47741.89098384786,49203.21502460844,52728.45489858084,52431.44059939072,52795.046210390654,53097.8972866428,52478.54444181677,53594.12446468649,54267.90032719301,55513.53264262974,57125.61041835412,57088.055264237235,54446.12439633274,56795.50334654077,57763.81441169404,57952.55448155927,56763.768135967744,61304.78267191472,56545.71442686829,57031.317446223016,58848.07329160475,61329.27841771807,57992.760601292845,58870.92486145663,60663.9019102815,59519.2574112718,59297.77555954123,60526.438734849646,60313.51049504085,61352.87285060447,61787.591480482464,60719.88021831155,60807.87406453396,60814.189436253066,61237.25981926882,60803.553935802076,60818.05115042563,62330.9142276211,62785.56835179735,59223.83641455617,61107.29652832702,60327.186517612034,60835.03968643619,61742.29011591071,62110.36857821874,61217.18171636661,59097.53371142934,60274.599713983036,62545.043842499275,58214.96257110367,62960.40930041442,62190.929924262826,63172.89041916833,61381.41385418804,59170.537264528655,62183.60402467428,63218.217887737526,62818.38122864873,60932.271125711384,61849.18848460706,61122.11254084179,60793.77685444475,62937.75150706366,60367.70709345403,60744.758677998296,60504.288032174365,60051.842408665725,62026.14647654233,63253.897958345035,61647.265133065855,60070.66090364683,62893.38834870598,63915.68436464087,61124.26239656576,61331.953284785806,62531.0594187671,63864.17334744694,61299.41714910532,60329.23028145748,62690.50487824425,62896.01800459054,61948.548325802374,61275.223470154975,63141.78604651907,62585.494129055856,61032.833582419196,62016.77489056348,60338.529831988046,62786.18980564336,61650.81939592355,61444.87171002816,61930.35685753959,62020.12276555234,63047.491300482245,62684.588077500026,61789.18260881032
2,45916.401779662796,46577.26595889243,46610.134012726645,47931.915407790526,48801.35078118923,50425.28133205462,50164.132079728166,50870.99452665209,54389.523039650216,53797.88476449807,52359.18817913577,54519.93907420405,54503.42768879345,55323.90487366452,55479.71733471196,57173.62067466776,56564.13003686973,56452.20294600236,58130.32708987218,57489.86413469116,57664.622947227515,58184.67873597603,57965.88507362599,58342.21597381684,57863.72568757661,57887.7140882128,57797.90995835893,57519.53895607653,58315.4886690012,59331.57155577677,59823.041283912346,59522.12337680841,57159.64471861251,62005.84993715513,61541.60496107249,60886.38836776567,62746.78360114391,59384.41931652925,62915.453296040876,59579.09227825566,61105.266839562006,59366.35689246737,60983.861850024536,61496.29974571434,60909.64274887687,62010.27277065448,61327.02278560419,60632.37299017532,60626.86655100497,62324.829975839064,60609.051677328345,62531.13797525638,62936.49838965739,59501.017642730236,62895.00838315727,64037.961173623014,61895.88363477462,62338.59790079897,62888.63016259913,61336.59007665166,61907.37040713696,60131.675626484895,61893.862940133564,62342.80958882533,62380.91169088946,63055.4062797891,60861.5226078852,61165.61775896403,64091.94720988585,61648.72474382478,62080.17998139937,61770.03727626094,60874.07730860063,63817.35229363034,61244.3165700191,60532.71227256723,61351.9539270356,59497.70598347104,61124.67344686725,60750.512345244235,62658.83920721766,61115.12103650374,62993.53474134995,63610.98334240055,62874.5467203649,61682.724638648004,62114.32077779063,60118.54964115574,61791.31567657281,60922.43004102319,62791.05287037583,65047.881737510994,62562.907221086425,59576.131500437376,61534.2484773926,62116.79535017186,62076.58243666836,61096.59947587307,62269.62953107408,60485.87273905842
3,43866.10953277792,46871.33842438695,45903.257699214104,48727.43112426502,47335.8617182137,51936.75878079566,49675.43531050927,51071.08566419392,52423.75018163795,51991.78224340024,53443.9961297315,54525.237950897565,55514.14348901142,55803.84038651995,55108.735188670624,55570.09137123315,58968.31589291803,57666.57626575866,55773.51000990831,57329.90788190437,57116.67688549882,57645.45053228496,56602.82171241593,57836.835700959135,60741.62612192355,59484.00631281205,56006.800732356096,60649.98709123056,60678.70493015366,59109.54963196938,60560.01643751744,58816.400199604934,59422.182047245704,61914.60194064415,59911.75276576038,58107.798551959124,60381.83092674238,60462.95018601247,62088.34543453782,60754.55287696723,60312.88255548402,62149.029056905856,61111.177214372634,60132.87273023742,62481.26821888827,61386.013955166476,61211.716606234804,61472.76073392232,60022.24048666786,60718.54891728622,61397.84123529605,61199.057976644835,62996.15829763899,61764.361300818,62561.38142555971,61576.7283609804,62861.02530182765,62096.73018633297,61660.32835582229,61651.22914811566,60543.30778734236,62317.0139261962,61679.25522445337,61142.68484183444,63089.27018835218,60276.63738039824,61284.290147128915,63038.00836550767,62195.96592380053,61771.68807915792,62141.343688404755,62065.74633158981,60040.099244623554,61450.00297814262,63817.38424974033,61094.265939282945,61510.881042873705,61249.80826957065,61801.8001368653,61212.51926507787,62502.01465269455,62159.99421872391,62856.42715678375,60671.67315129061,61528.7277373603,61670.32342734554,62491.759673850225,60996.66613268017,63050.635488708314,63378.65491132452,60771.21439583397,61371.531396545346,61324.803447967344,65124.36312479597,61451.84458264038,63982.95677030987,60451.79513222811,60785.99406720633,61151.35400169192,60962.046569625854
4,44678.5215190098,45245.8474111967,46138.8436649884,49471.743593442305,50447.77059481677,50958.12351829596,51233.357964095325,51450.77722929351,51430.577439530374,51526.41318069544,53707.50382056516,52426.453410417256,53168.70249499676,56237.53937079818,57595.686595300336,56218.003665885255,57477.13420604156,56231.69140292673,55274.48937418734,57944.52802772801,58201.995839956726,57893.85387764898,57787.365351939494,59485.79627651959,57384.879553977895,57860.578057092665,57786.46661402534,59291.886455396016,58065.677888131555,58719.60138051879,58852.393510304944,59534.94925378483,58201.63957108056,60220.99229828504,61734.59319440164,60514.06619308523,62307.38016784157,62158.05408056201,61583.5852079871,60826.972181520585,60845.7817951069,61811.52140946432,60496.224203966456,58773.875046355315,61685.67601116188,59796.33748182435,60053.63597239102,61259.53940182328,61192.892679303615,59657.242721121474,61592.13199005648,62592.022003707716,60115.23435394013,63030.4542745641,59663.291728240096,64106.24290873452,61099.966604752124,61794.43727463746,59373.78348637334,61592.60557510331,61962.812752153346,61605.320537113235,61051.803613434175,60609.19777181851,63118.14800682247,61813.865173469545,63640.188073467965,61172.96704121832,61295.58476264957,62807.83188585663,59892.5694822203,60394.2932941477,63177.076265790456,60462.79652549234,59694.69704596078,64127.68752670325,60220.261082349854,62120.69646353548,61989.12063611619,58539.512682725326,61597.1444223035,62461.31402335052,62353.341276477964,63017.02737128157,61472.14673893327,62796.19591579069,61117.78850004783,60255.97066963328,60394.576872780824,60200.42365646889,63169.3643744661,60143.09065954736,62291.967866697014,61646.39064629606,61844.54642074909,63606.13499396216,61445.64068569771,62707.49710046319,62020.355461567095,61794.45105660245
5,47759.96294926377,44366.77115960405,48669.011778794826,48869.26507626228,48403.78825424283,51774.149941175514,48386.82708252789,50713.36556159916,50576.83562320657,53164.7023442473,51936.23205502132,54354.486617562994,54137.68391102137,54278.818732165106,55781.284440473806,55423.7035513598,54843.023811617146,59888.35697142148,56295.09777785759,54548.79118920329,56508.33022436698,56287.11958694541,59069.59064091425,58717.12677373218,59046.214556239276,58345.087792756756,58660.97412566954,58744.801575903824,59273.7176817001,60543.09211957488,60102.590679984,60447.81464813062,60585.959596664376,61177.67723269841,60583.60886345233,60782.09423351982,61884.36228351177,59759.20115590597,59623.412055347864,59314.24325133209,61038.278805556685,58670.48299316546,61520.81385064291,60901.868234715614,62456.838786023596,60347.31906518833,60964.22350371847,62605.914664180375,62966.80530850156,60535.55060979805,61611.6795922013,61785.95718389531,61917.62832500445,61188.383486366845,63073.15679614439,59297.80975514352,61088.122839571006,62157.213757772726,62192.893547695356,63290.479691604196,63126.50461073306,61366.06511166396,63287.34639813375,60888.22510151894,62878.5809227279,63949.5235855772,63249.2181498738,61931.67032720117,61419.20386856968,59994.809236830086,62212.78700212162,60512.1886527661,60908.33270382994,60440.22227967617,61325.087465135846,61851.891603631164,62221.17975719775,61179.14522304492,63189.35885252128,61662.42035307907,60972.65793018625,62194.76884466771,64284.43341890791,62334.99523055951,61501.70956397146,60108.236957937654,61681.68859657743,62230.44531943435,61486.753854091614,59956.49463681419,60937.18274559255,63706.02502348293,63683.92246239441,60901.53267613746,62775.03285352915,60555.51889799831,63656.93306474999,62267.858244076655,63114.849238249604,59918.76172674264
6,45813.16452230987,46087.17237804109,48144.3684612189,49179.418555391734,49058.15987517067,49097.972153330484,51540.194636009524,51267.3001510719,50979.67232409629,51566.01950865232,51499.311676871075,53222.460489997735,55684.63806529649,55067.439222998924,54679.18649812618,56711.876625901576,55150.41367721993,56641.12971305884,56664.14195022194,58144.87883609173,55626.17460692925,56787.6143180151,56112.32111075219,58019.62751605115,60021.472198449774,58182.57810017722,58383.37369630307,60235.988209253985,60653.408972809026,59434.40671641453,60520.95800983745,58555.33380353204,61640.05810747583,62694.79386056479,60863.2877630305,57850.27860069375,59787.91847920264,61292.64664351289,60144.52355469004,62263.98743545644,61524.57004653542,60047.191081709454,61004.946708296804,59960.300083349364,60876.1692921434,60488.107949227255,62617.91960649913,63798.48513242552,59589.61653248488,59043.873905248525,61099.33520687505,59610.55557208003,61524.69816266417,62402.1976141127,63328.466995116214,61807.127405947715,61361.69285151281,59245.634978557486,61675.6459523791,61752.71356752584,62455.38231594681,60858.52934019772,61205.43778561399,59971.472487686864,59011.96469511682,60446.70010251586,59906.894244544215,62208.800621476956,61195.577526696,61183.23423625148,60658.843781214324,57971.370807316285,63670.06719866372,60668.792613228026,61382.654180503945,60139.58430266837,63059.15867192767,62071.86790998647,60914.580062528024,61441.5911290542,63931.74075665472,61835.654805718055,61710.08977351624,60803.14476735025,59663.638936253024,61749.14417698488,62335.565516533454,63268.03292652182,59253.65508219871,60604.84061027576,61260.97190432893,61956.401852129784,61789.080828083745,61819.47325635825,62457.439979173774,60885.85450678758,63092.72325703647,62493.71815664295,61591.48072295607,63897.96333362838
7,46867.69924268612,47215.855680695066,43499.78545158854,49976.31130893588,49932.928474767294,52226.658085501105,52089.51672747438,53233.49676335479,53081.40008854592,54288.63402477616,55664.857465327266,54094.67556752726,52474.730957113476,54485.09038333424,55782.84246449396,55835.91460133135,54653.51126389668,54569.428233625535,55990.303195130764,58179.209552566695,59415.25637702021,58907.73274952593,59347.1286462026,58234.16489442601,56477.2602448437,58242.850054702205,58685.677127890995,58593.45591603021,59436.78334111222,60070.39570900862,60722.91841086978,59513.93541534598,57701.97761999182,59536.89304469096,60290.28128999441,61818.84605286521,59776.425383459056,61172.30861158899,60998.40863085219,60790.02981010439,61935.421312401886,60101.95224652531,60276.00519579908,61018.618960403204,60327.09534012589,61763.23458701184,60352.37468098012,61530.835713522494,61186.83520982367,61609.64460643227,60841.85243902106,61025.74845724226,61584.455359855536,61745.96368493916,61530.45441992664,63611.888763305076,60404.594818842765,61542.652324501934,59755.86894681576,62113.66662926735,60350.33829523934,61374.74275498074,61281.02371549943,62082.144545973286,61098.166962323485,61062.52977423922,63514.312978550915,62146.22601554166,61144.07737226951,61528.11838616775,63814.56537934947,61568.25147242989,61032.962352383794,61047.1218604085,61218.606487136334,61172.057634103476,60357.26484177981,60550.7130692053,60911.03395561342,62622.151884810744,61460.44010537742,61674.62409706274,63452.27564896121,63486.811130643466,61598.58638505451,61184.154372460005,60907.66700533567,62779.86249297849,61706.202243371554,61491.16233431604,60981.463722831606,61036.97917960396,62347.19108770975,60386.973760118264,63161.56714143537,61329.19266714461,61792.19039325389,60369.201676834906,61960.440314018924,61582.888612133014
8,44939.90328137224,47862.431932496766,47335.29123121818,47127.98617669935,48125.63435514509,50533.1251433421,52162.991166586246,51677.787175259306,52853.46956179519,53401.887454405594,54974.78627247496,51495.30167420217,55162.07033717267,56034.52671603668,53708.43929787114,54683.24767927778,55128.44632493421,55652.16114820665,56301.63793636993,57501.04546105164,58557.65823343349,59105.43196231493,57072.82822826429,57317.499983778696,60146.745402110326,59565.20747426382,59095.632232380645,59757.92291089898,59335.384964440935,60170.19361679422,59296.0201491707,60170.245173912655,58173.83364632194,59291.0051540498,59425.41540145562,59902.20850645682,59345.97888834429,59917.003906522004,58833.00627641193,61395.7897420302,60719.7651065187,58848.71255329719,59964.43304271529,61436.82166119088,60443.64481057538,60317.2900855806,61118.69423380979,61671.58770644219,59583.41958392078,62011.88762616168,60433.19017516785,61411.140848774696,61426.74006942927,60870.99493565786,60307.10502303917,61222.63007777866,63543.875492222534,59985.68684188883,63674.99939628199,61355.503449574644,61731.079839397884,60404.662088370955,60801.97760588405,61141.58361400626,60506.6820983242,61526.19506262695,61302.86615147971,64025.68323789511,60418.169371879674,61952.347412439536,62137.55497490677,60566.064667949,62684.28729471007,61391.12482510222,58886.69068242415,62677.274435541025,60552.51319887607,60642.423250174754,62731.70090431794,61495.672883764884,63019.25143076667,63375.41743841397,61154.25586626857,62884.7175458634,61030.58335514833,64620.92968583871,61113.43497630645,63179.83649848062,62964.39895465619,62334.26158923411,61153.209419296654,61778.901880087935,59378.81552238439,62234.803725241676,62387.26310612391,62130.00554259616,58403.78612080497,60454.8114924958,61077.57026049137,62326.86446318854
9,45347.206686771584,45892.11270409708,47884.34822019464,46850.08634731083,49711.500254633764,50388.65824605345,51057.62489679963,51121.03703305526,54223.906858126975,53262.037012589404,52109.90594054166,54132.77645235659,55264.387662496294,54148.31314464323,56622.03444155115,56204.48994694469,53338.41161808957,56886.31575666502,56392.4634121973,57854.537862835794,58651.90646033482,58042.04606956287,60076.518582399265,58116.69532074608,59317.54058175551,59755.045840126266,58879.37925946657,60124.44806980636,58657.54191806806,59033.609894311616,58124.31375657401,60137.37019222963,60376.790917790546,61531.462098135395,61187.196818831086,60009.72187832819,59043.97916927886,61076.67674053367,61983.20695818724,61643.57113892105,62120.154359041124,60640.69424519052,60406.286173560526,60148.61832543812,61028.19538630202,61059.31088258373,61456.21860046642,61104.11371578572,61146.68925669565,60419.70058513366,62523.4849293585,61524.47608536691,61259.911517116736,60606.55917364654,59937.20098592672,63135.010966548594,62259.04557109047,59670.99546736123,62559.994534207726,62774.14625914621,61837.88548565263,63626.44813693474,61987.56447644448,60044.88696051286,62199.71886463568,62070.77337352728,61067.32900311405,62493.016471225135,59816.14007526719,63017.79898527257,60786.393392298036,60668.51397619076,61723.50457339769,62388.68475421254,62074.267140635944,60994.26390208869,61285.53511036864,60540.10236868872,61636.60252289122,63202.292120080114,61912.80932493222,62954.515229686935,63674.65162392676,61227.18032787301,61713.24841315335,64546.62201855509,63678.19547611985,59941.64613835379,62416.42890287139,61955.628193511024,62949.60494602719,61066.604349435554,60955.59121146904,61154.214820830646,61281.410453451725,62948.195239893335,60554.312118577385,61226.43854665239,59828.46457130803,63185.41513145653
10,46525.23611931737,45703.893137425956,46764.514338494024,48625.44348041379,50748.596656654874,50309.30061732228,49767.508886423995,49396.89846397432,50688.862753133275,52758.0655267765,52485.51594860498,54068.77112866232,53697.89879052375,53584.26774579911,53902.46978749015,57620.874911333354,57216.17092230836,58603.33092605306,57527.63947839868,56693.9323950479,59106.857759020575,57768.17001135857,58343.226026014054,58279.754327331655,55031.474130950046,60714.796766515276,59585.39915728715,59585.70657327524,59297.018227937995,59736.80538160044,58982.565461962084,60587.574475354304,58417.970893486374,60339.62842680498,60911.716978289354,60113.07358571763,60902.836145045214,59367.6549868286,59491.31102621451,61021.40971558799,61633.040914757636,58645.122896026354,61592.65369750422,60381.05814766467,60863.90384146944,59546.19832946827,60186.26475799543,62418.62105486471,61346.47858114403,60892.39936664876,61253.75608993947,62019.70860027162,61997.83763365508,61413.441877069425,62847.04765147203,62730.00909977738,62089.525556288776,61685.23101793727,62433.00908749959,62044.2897610279,62961.59422505865,62788.188714118594,60505.59622419575,60441.919389161834,60920.0166100928,62948.26303955231,59899.71442552234,62278.45473390182,62252.39010400778,63224.29646276466,62056.54586542125,60238.59805763052,60708.86834738891,60450.722614282786,61232.025504724064,61665.97302010683,60494.31242833364,63664.547574324424,60315.880758504136,63527.590771302,63340.12048783208,63001.18118360243,61095.650089659226,62343.74360572965,60404.290956559045,63034.2790273206,61856.20164390039,61457.34731182459,60483.35710761078,58981.948860348566,60711.612184553764,63295.93670515311,61479.72114374809,61762.30505064492,62754.389938835986,64136.608893462035,63561.759112290805,60806.773222024145,59644.19475418487,64808.41085428181
11,47722.78993399134,46322.52557017763,45597.46768157171,49237.44903834704,48849.637824585836,49683.39037251765,51677.90982912029,51740.735246606004,50604.03637511153,52280.51186430318,54065.29249083955,54447.11254835944,54675.827499237406,55974.15100872344,54880.84735985311,55960.453230348365,52098.69070307487,55987.12915124813,57796.38188778333,56741.44872484514,56959.375781972114,56558.1080708629,59282.2549729406,58989.29951047096,59558.25671147856,56717.65799741198,58803.65437021909,58853.785690933015,59034.4634547444,58801.458944675534,59283.97505884156,60867.25299183356,57691.06728274794,62249.10002947687,60818.43816363578,60300.67827151286,61545.995769727495,58815.05456330758,59852.66206510845,60592.058651487656,62457.45377373099,60839.16578527654,61506.294540793475,60325.40515299292,61679.48162899932,63166.30734931566,62402.837476228415,61161.52347889487,62117.63154908634,62044.75379422888,62001.44731913344,62766.99844370694,62794.617482864036,61350.88396129573,62305.75159216935,61105.74003009763,60485.79224575361,61296.3043716004,61552.68999126864,59673.27166785289,62721.033210191585,58387.924554909754,64985.28123328061,63547.330154607465,61448.30559437092,61788.20824414853,62154.85146995258,61097.7534013855,62048.48137180055,61656.31881909924,61727.01217594742,62068.20260250797,60283.860942141866,61916.60090952055,62073.6955602648,62040.07444664264,61633.84535327552,63265.18251670492,61481.83533898921,62185.05775085485,63474.681890815526,61827.966755951216,62185.52593961639,61817.140987139486,63421.980069096106,61631.92111137654,63485.00887448976,61824.226095752136,60920.49925546068,62770.204007392334,61592.25981248989,62705.17994933662,58687.83599600937,61971.74599345691,61416.198350380866,60693.89581588498,61307.864324148286,61285.13145345239,61917.696486089066,60336.08198981974
12,45379.528536311656,47735.83899670944,47459.16777260728,49052.36352874912,50292.69319333752,51302.75513486659,52848.7256487797,50740.44315242693,51164.83348613612,53610.36096439123,54121.82844003481,54765.620241012235,56628.54655510754,54867.6873539106,55826.29561680926,54569.58359830531,58711.77097205914,56122.85547840858,56509.83928369956,56793.82221617582,56744.97362165944,56932.52715437551,57449.7707621982,56692.188468561144,57625.37768977498,61127.87048549859,59878.98059450749,60301.00391230629,60783.80004756296,61741.65347437195,57573.59312324497,58371.81951424173,59022.020513691714,59552.670552052805,59877.14554490173,59815.10348293787,60720.965489838454,60599.61072640396,59782.90139707577,58126.69063797124,59627.33888275794,60235.87529865332,60669.733611202035,59677.29899694363,60506.303386442625,59796.43497156361,61057.22222436148,59971.561070193195,60288.35694472322,59781.312491513265,61209.34127841297,60392.91708673158,62557.38535826959,61990.49459757707,61451.67447657565,60608.471338676834,62050.103487711865,62448.53794566356,61815.4498679981,63591.611081426796,62240.19892058129,62805.04372311427,61887.7794045402,62555.872537960255,60805.37858417469,61226.81857561665,62210.52148582669,62215.26524484108,62426.472582228125,63149.590263075705,60130.17403044608,60681.10626919885,62135.58146945576,60999.88088239602,65930.88015387107,62504.31844401971,61798.845241082716,61281.19005784104,61330.02366501541,61948.435456245235,62052.30316925038,61375.17915034337,61600.38732283145,63545.94404099888,63598.542272001025,62243.63136120195,60335.47170905983,62594.73535729546,63816.98985353153,63598.69352505825,62839.17223636827,63667.48641676061,62027.18238489268,62719.223242983426,61150.79402929963,62320.52478710937,63567.19461912067,61266.2671328193,60941.547324552615,62093.86047019012
13,44728.0053555312,46875.358519747,46578.14214513344,50143.70473639757,47431.606930247704,51323.44946370926,49686.74014342441,49184.30626885722,52312.4644559481,52364.67260318489,51940.3777349623,51817.157611415096,54351.37466528149,56025.047733300984,56016.851936937564,55814.097478692594,56724.002711149275,56494.052425006084,55164.029305856115,55504.84930311758,57275.04641725103,57615.0676693534,59099.39511587375,59239.908650751975,59293.9188130016,58452.77549606883,57339.41181800568,59684.404264712255,60001.35267857727,56674.454242163854,58698.09436107839,59018.4139997129,60128.50914811346,59152.31378852149,60192.06733101446,60098.834617881526,60266.81542823471,59697.58310506881,59883.52108640966,59441.02869861949,61274.862257900975,61580.28483693805,60041.487395220895,62857.66806333673,60717.74940930787,62989.84258630219,60437.65283762156,58827.377332309006,61789.6799222626,61649.98757484301,61434.814667465806,60661.97543654167,61427.75756767609,60889.962928102155,61172.67723879792,62575.41264240747,61814.53979676842,62351.63854324356,61365.98156540519,61256.748039900755,60304.455101825144,61264.671126950794,57742.16343919006,61036.80883448512,61663.26705074869,62453.30499659619,61468.871768617886,62221.954117666224,59201.59200102793,61760.91456969289,59824.7360851285,60400.48510754001,61635.49564273003,63400.63402600844,62323.0063804879,61907.33209758009,61869.40579243838,61043.39851369632,61253.43830879984,62425.11791723198,60255.49222797148,62634.88298431521,61461.96153811271,62923.47104056084,63090.44846549829,59933.48977027321,61247.08646587125,60921.89834379986,59776.57736551053,60715.9162712521,64887.36822731508,62691.99074587255,64263.86682024476,62960.417807204976,61077.512915679676,61511.680803713665,62677.87694264441,62498.58267077121,61282.46902105976,60164.88193866664
14,48945.31342486649,45927.00164765113,46731.16690445075,48217.578554360676,48687.94394062774,49966.24240949216,52148.89596073383,51190.02737473434,50631.76174113615,52476.229633027215,52714.62683875404,55543.48860616963,55766.75048769232,54983.07346386936,53780.424719450726,54274.978783957544,56167.533537189454,56930.29694704505,56430.15101430129,56633.71858433703,56807.48957221827,57779.77886069995,55218.90107917795,57009.55162769862,57815.29817955404,60238.118585703756,58019.618051823134,59406.48067043047,59643.00080377986,61098.19180392999,61214.39307333456,59778.675690031676,59415.907217338005,59319.746584449495,59948.55294664509,59830.636521116794,61122.147685309865,61061.62803849195,61360.46458066369,62248.489624079724,63054.224274892586,61044.557754717476,62285.58546104608,60610.907727515216,62517.27952653795,62427.430826357326,62418.30461015107,61372.154473658156,60505.01273557871,59678.29932326166,61345.49746407139,63272.26946137347,61097.430356622186,62445.62618009766,62548.238399018745,61225.03047037677,63173.09292635573,58129.30398506858,60176.92343887033,60568.41009923633,60704.97611145065,62112.230603455704,62075.54626956171,62217.86388066189,62476.81385633668,60636.771128497225,60329.47394147905,62280.32948538166,61061.0599063205,59944.54873789966,63005.75257807436,63524.57161413396,63728.687367805054,62093.52650632984,62628.67677949131,63529.29676904984,61123.143311770786,63232.566406406586,62236.69388581892,63008.72064547813,62141.236475155994,63478.72617567319,62196.39853370517,60152.02767935646,63679.44827559745,60804.153696113564,63448.65323403661,61840.24011160022,63363.06410583555,63316.67854054351,62474.03278217512,62570.82125157018,62470.275598548935,59548.909971645684,62109.72097156769,60630.529228436244,62177.17809885084,60602.044170943715,60553.33711043847,63902.79514546636
15,46283.33686574903,46091.41015252951,47343.77595656872,47784.0779667827,49663.0698989764,49007.702480387015,51797.047532835684,51035.78134114111,51523.197873331985,52696.25780858336,52562.5327805352,54229.22870086919,53716.57250283116,55416.27178673501,56774.115591927606,54882.86347591567,55992.69507453379,57080.30623950202,56356.669571514874,57767.10675837771,58185.32728481474,59107.76574454585,57351.02784636374,57199.81329394571,58198.666326614366,57627.81194430493,59673.59226699485,57795.81734002133,62170.76920456589,61095.80543102558,59714.39110849796,60888.552644183146,58022.32666959238,63144.39430551979,59529.57127896344,60206.87964962589,58230.67484945386,61140.80102319878,59322.69016279714,60859.336084235554,60165.65200970293,59601.668960712,60000.99513325616,61303.8455890189,59557.48197879574,60255.04583251802,62004.133503736855,64382.24651407751,61880.14911583138,60251.01947808749,60953.00510900994,61470.56121805755,61049.93429749623,62587.144077629906,61796.464898013095,62654.87679738122,61216.14657297515,63210.2971421107,61444.44107221829,60501.74101190089,64301.41859614218,59518.74176567929,60841.01443553111,60992.64177185541,64771.48359104557,63945.12727244782,63583.998994018475,61407.95547212063,64728.75199930636,62271.1411969504,63012.85548098833,62066.08378365865,61800.73441457876,61566.98283184852,61625.990272220835,62615.64487942924,62333.48201832937,61861.987541297254,63717.647196085694,58352.162980178146,62529.78954761031,62784.50457196636,63304.525460561534,61854.956821453336,62186.64039768054,63124.32864525777,63734.38306688013,61587.888387114086,62272.22186335137,63969.244959921896,59409.02872194205,61132.56375064012,63722.124432241406,63276.54507951294,62594.65896200188,61431.48999199157,60913.57132757354,61264.11648351272,63832.8893048922,61222.74251637527
16,45121.70755708759,45191.9320806284,48133.382412388724,47435.10566125858,48862.10557961567,47798.90916059419,48668.517333948206,51348.69338234385,50436.825682092145,55196.30615360295,50798.08124191123,52874.59952307649,54381.44865072829,54415.88393799747,53989.93319723713,54596.53609269116,54960.600730288905,56182.643350075436,59222.01330491347,57303.446841255565,58938.32923929767,58416.223227986455,59414.8507792443,54971.186419109974,58202.40956871299,60357.67725954231,58310.11143483865,61304.88669807656,61151.81768718398,58977.735137784126,59095.503962121955,58631.352241760214,59230.975828528775,58637.239430837624,60752.40223012363,58604.220754289396,61182.274413508254,61310.95069379,58656.85786506897,62597.13149795033,61435.112482510645,61794.59930836225,60055.83069351997,61779.75489028402,62446.94328590481,61035.2897589407,63610.512397317514,61312.148226123856,62675.985492910746,61703.344017410614,62096.16795252495,59427.05568951273,61914.50872411751,60621.50415603687,60519.8187514628,63658.37775684855,61336.954823657485,60415.7346812746,61213.26581962549,60106.628580160184,63409.29550072704,60873.89816903281,62362.66082662943,63372.403251104275,61161.33284592002,62415.32353019935,60555.18195576252,64739.66934990865,62940.994556236175,61597.99106582826,60912.73895955782,61713.65346292365,61452.11383334484,64212.650705359585,60406.91659766595,62047.21660896379,61870.836579838455,61758.860825127835,61775.87841892106,61772.98169052244,62965.60412970339,62653.99945976651,62430.86395230267,58292.01531614304,62296.89016581558,59954.423353076,62720.5675775069,63717.92841041323,60840.36398849204,61640.81933589214,61238.634366933074,63443.09700132578,62077.15472024434,64039.494935862574,62464.22975242671,62260.746456485496,62053.601665479444,62955.16574571237,59890.05600201535,62079.2864899863
17,44915.94426752644,46966.88384705182,46896.81164922105,46835.09587667911,48988.03905770461,48519.55908560356,48294.244562289154,52212.03252814064,52721.888155563065,53230.71131919384,54835.42308278091,53036.7716131087,52644.070638681726,54770.007731182755,54897.90738558674,54735.294639961394,56053.56663910264,55792.78320841401,54676.49205746436,56680.5100564332,56155.19845198802,58085.8292989258,57290.97419177684,59665.10135119154,60492.3984748123,59604.37239937574,57134.96300375787,60996.15409888787,61262.01404311119,59563.24061070661,61286.81157738022,59185.66908692956,57746.99378494583,59204.00498149441,62312.98985285773,58562.180637971345,60457.22033239778,60598.22892951796,60034.734058528295,60205.123250551784,60905.48029029582,60220.36687230674,59259.75873876978,61290.93827964842,62383.3110451723,62197.10686013042,60236.522885351704,59757.79716577512,60966.017073782044,63233.08326045502,62168.25980784816,62277.412022827535,62537.07258040167,62008.39415256789,61680.22697553232,62360.22221146694,60938.07979627068,59922.341264805604,62511.82009490533,63152.45458176555,60346.755811664276,62695.020840931706,63744.419761962854,61742.379751943336,60779.913441687604,61924.51901970411,61130.644459806994,61064.669735024545,62337.15927542208,59904.64342230535,60107.42472963391,61873.598382779935,61833.32405347174,62281.3827330081,64127.8287305039,62010.87174430653,62610.64884020066,60729.11366280411,62827.74360106691,61280.59762453421,62003.62984920218,61792.599773892594,63167.739100552164,60360.830685467365,59197.24995528174,61685.07134877459,62507.22089003006,62131.25482029761,63430.49600849499,62479.80341171899,61281.243214764836,59170.07468545,61678.34657688359,63199.05048189234,61497.2673696893,62003.790556135835,62477.385831524094,60755.22437750379,62723.16251587634,63941.41989136373
18,44792.62397772791,44741.50394826374,47042.13234384352,45412.31626734367,49383.50216457291,50361.696973423874,52615.32277000881,51106.691799278095,52517.196674105224,51636.656463538464,52844.19643181584,52004.58735747878,54127.66006446735,54487.67247913013,55673.947464540506,54997.733243686314,56249.4000444581,56126.65331713031,56481.899131533144,57306.35687654135,57567.47618281306,58721.26045985465,57933.444260709824,57911.281163274674,58350.79025998619,57931.51781155226,58564.30110985784,61627.3093559209,58275.93498982763,59206.30439648191,59234.31378905395,59551.0733178923,59589.00173611126,60451.43442930552,58185.61869193387,61596.08231334352,61216.894153650625,59065.810354233945,57927.41042374679,59564.86259498664,60527.581575499826,63991.31196105734,61618.13729334043,58863.792369098526,60267.6845403572,61089.76491421874,61512.62571137719,59681.57203185582,61145.0542587953,60490.56648356758,60069.031837973926,61744.1691867132,62397.89684639046,62512.72380989953,62224.76033975668,60968.61049572106,62450.93883508851,61990.56220417033,61804.95403289856,60933.137108824325,61092.38278608168,61797.37938538209,64655.35026627962,62106.56617016155,61028.089860677355,60778.02927750867,61201.16528646039,64417.498004031106,61338.23041956107,62917.36343387357,61389.02554205895,62163.87077586676,62810.18862897713,61182.83382078827,61108.22427934051,63876.09853436194,63074.35373367386,62848.55996797055,62850.949956594566,62463.7572486403,64339.25582591495,61975.90808622818,62620.88485929643,60191.70703640455,60947.1834929103,60500.20778547805,63473.859681963295,58885.48338690371,61469.07889629503,58362.50827951064,60960.3157384184,61371.440130739385,63624.96657047071,62441.45320624873,60967.954880895086,63248.962703400706,61993.15223179175,62018.65545705227,60532.07363058337,60788.857286677914
19,44009.88324006537,46152.13478224752,47215.516448646704,49934.488393903164,49441.28444932637,46569.88888783905,50919.72960284016,49599.46592295701,50867.849158795616,51695.59882032995,52475.90298823117,52184.630611025044,54605.58601414998,53161.080721243256,55742.90887393365,58430.41479255944,54554.15475256711,56185.29701865245,53851.549562477594,56848.79973382155,58290.10923519043,58672.618690621406,58171.05237800655,59398.259691933046,61623.02463722221,60843.88037668657,58369.169306846285,57448.59411647294,58883.7678027741,58404.312678396265,60240.91724241514,58430.24700527018,59899.101987656926,61121.9631732839,60116.993766223415,59215.89995900776,61867.57166318282,58302.47912380511,60256.949084236716,60687.357142298715,60837.871719291936,61111.55694992211,61698.75671914269,60990.411021261854,60653.60120766592,60664.51262415468,60474.38648377345,62204.32265342057,60531.20835699596,62367.85877951013,61416.34101180855,60807.1486424471,62211.33289715204,60630.52956787785,62301.31756726988,61820.72528091952,60877.889494422,62254.05865684666,62300.13144418251,63056.19238183843,62848.010553782675,62298.243886904165,60374.39176444651,64683.37957986075,60077.17661009153,62916.01242061077,62308.82580191139,60395.775019994886,61668.177268042025,61734.61532884766,63406.83869559721,60994.47624599495,61545.76029245744,59065.83371453466,63959.273616072125,60600.89300939146,62285.135296885914,61778.063789875436,61788.61724470706,62884.10104451208,63923.439802469235,62225.01052790598,62714.26363981196,62327.47239478982,63158.17402553654,61385.690929896504,63235.45204704361,63281.13140810547,63250.89533401779,61162.778761899615,61755.856051912044,62247.939256954145,60318.11080412305,63879.4039288862,61952.99286868723,62310.51970484818,61279.3481986834,60381.322155363145,61250.44357734004,62239.91876852199
20,45808.11457530443,46290.531103185764,47538.122395760234,47677.14554805666,49574.71652729549,51598.36715990867,51450.306548320914,52310.935816261575,52379.83394749742,50866.41610288202,52018.30913968844,54380.66084227002,54348.28074765513,55381.8549271198,57326.61584664672,56617.29269916068,57660.049070179375,56640.32705122438,55911.039584511236,57140.4826943285,56553.14647556968,59677.805561119625,59026.685193508194,58955.75857817621,60050.89103676459,56365.04705433358,59701.95996374904,57617.14395906778,59362.44266450387,59166.64288617642,60493.38411949392,60121.503999338725,61600.62951509948,59394.06971472118,61088.766081163965,60546.14440658371,58495.44646999412,59454.91650728206,60470.44951106307,62072.10011022639,61375.24899828091,59493.96069397155,60797.84946171471,63454.26768666791,61228.73914804736,60760.82914765944,61798.29301512695,62175.342359726696,60759.64051539171,61954.82317794595,60998.874717091734,62295.84753286978,61672.87602782461,62081.83567000906,60624.47646299502,60579.91027460195,62728.07588692358,61524.4212207826,61986.265463875374,61299.49434236266,62767.10626770789,60979.34308599704,61564.77941801596,62688.26656929564,63169.07730237482,61148.38546223998,64142.905999994895,62180.635899404566,60565.82448052574,62271.98125064919,61380.540379244434,62371.331510951015,61808.66680297426,61958.245668788346,60783.646212420455,63073.52837787518,60505.489419217665,60569.23531105568,62347.05082382405,63835.67975928059,61494.813133627584,62764.384911220346,63216.17823089158,62910.423875470246,61563.68636981137,60631.93452464721,59295.926302938286,61633.12296997374,63365.55576587291,60605.957020989066,62798.11303001919,60820.395834355375,62090.40834958206,62814.849616169,61176.33018468373,62174.38785655881,61473.64392228565,62819.753617329385,62257.660042091324,62044.682952676805
21,46870.019952170376,46891.14862530446,46293.63133691835,47978.540516716996,48888.13970570538,49915.35120739583,53633.97034932313,51784.507821611245,49583.93118420373,52018.84342034119,50953.06247145096,53439.0519730184,51976.63533433552,53808.13489807029,53490.04190967289,56207.04171364645,56150.032858442646,56890.264152857984,56754.23673121033,55536.76478514041,58135.07429513833,60114.52108531603,58569.27099599349,57820.034063041196,56854.07858276433,57699.43438684949,59539.842010024324,60477.66053239227,59684.18891232904,60500.55674478426,60548.51407781027,60455.52052224868,59196.320592451826,60325.05452221051,59219.77544894546,60372.39128985484,60854.83103136028,62571.79682637393,59078.624782048515,61315.15832754588,62596.26523916069,61805.579001634964,61965.763466761346,61738.13383035765,62653.27253396883,59848.64603601147,59545.09344705518,61251.669695670025,58713.64800808173,62828.50841371384,62858.40034769124,60912.633744573024,61024.319522266465,61416.65730736478,61597.92149892357,61718.06263852252,62263.357649586265,61412.545254835015,62776.055737529496,62202.30618741685,60960.27800384435,63310.850263397544,60097.59252255004,61634.476221066114,62921.81694466826,60909.20888557743,62162.75199776841,62456.753383371084,60784.70975311874,61742.14552882839,61652.33484037353,61188.36390413245,64622.10412262759,60953.38961642561,63083.47461720529,61414.093680758175,60588.878833136565,62023.13027732776,62685.13046611207,63016.87815274584,63792.64298289095,65457.51367189771,62228.787063162046,61137.0919421269,62480.58550897366,61621.73504479231,63056.14273756659,60391.93441368974,64793.852374478825,62982.213916434004,59937.05639164127,61109.744187639655,62942.41851085458,63377.11254658872,60441.039556211486,62825.437260242055,59634.945679161734,61866.37218803832,63309.73565043361,61315.054867238105
22,43191.69324103439,46271.83901011557,46396.39093630732,48837.047236953316,47916.826529139296,48891.80345266186,48179.35643234264,51543.41920361983,51833.92834239754,51244.140581513464,53504.46743296645,55067.294242246375,54102.726077904495,55175.84380313877,55642.881244736025,54300.85370747073,58617.2886081371,55961.68958771277,57667.037839724886,58132.98041806057,57351.33449949374,58536.00564306425,58373.198967845296,56629.97587354939,58169.031952590754,58054.053668936576,58442.1003725225,57625.11508682906,60722.869962757904,61463.083182673174,60872.90375617567,61372.31432156215,59572.92710235555,59352.83810585708,59303.524357429975,61124.35445385378,60730.27045785297,60464.59020359159,62204.481404324084,61223.27879493473,59812.39216418767,60077.871087665575,61784.62089447628,62282.97937130179,61757.28742494549,63429.886335192816,63170.21404509718,61788.51366604924,60300.74574098997,59779.74843462211,60928.68401907905,62336.510546373844,63661.2207334334,62004.410718838546,62937.96407147351,61271.08495206402,62340.802071605365,62607.7250738178,59268.710642333106,61171.04229201467,62828.27460002496,62038.077064796504,60291.6828481159,58828.92834317905,61322.57916901529,61690.99377999935,60730.57768185382,61976.447791405815,62425.0024913757,62633.94339721271,59013.036726705795,60273.30720896146,61494.547122140975,62555.72499780513,62464.639080583875,62451.69883846756,61432.740729436184,61506.59306076972,61032.223282740975,62834.09961639404,60813.33830481738,62943.26179820307,62177.5939044205,61878.74917657118,61149.08383708802,60314.540351883144,61167.80007409026,61552.52332697875,59109.0217497008,61718.130016301795,63067.09005462788,62641.24035693827,61367.674207028045,62021.82323728125,61300.327225583445,62148.31911972535,63819.88291484888,63135.773789753424,62600.23260674107,61385.41184850122
23,45899.92607153381,44072.128912814835,46819.22939788082,48782.030901463055,49867.723704658274,50622.82910850447,50958.35604444577,51104.615575457385,52672.58543212125,51526.76893769799,52258.29626049403,53908.89149322577,54569.24478125773,52663.30524907483,55861.08340237325,56673.32355358875,56056.64333832844,59376.0689238003,56060.17626991434,56776.61748932147,57044.76836468,57716.426479443464,57683.74612610608,56642.97092869643,57911.90123860709,58671.96991683256,60470.480920612245,61832.61082828052,60973.71818008345,58610.237161529956,58864.328652226184,59656.48495957436,62127.959573389635,59917.83744522205,58644.81982495911,59750.06398196147,61366.26199626329,61385.18458978501,60410.04315149968,61557.44677862836,58090.97468615618,61019.55676466765,61999.05144101365,60033.46401793083,60091.66490244278,58913.88205443014,63116.080159992314,60395.08589180245,61596.29446580231,62076.43389848028,63208.023652066455,61247.977081891695,60821.92848572497,61711.15545583025,63076.39305024677,61361.246897808436,60447.636223431415,59770.787508466754,60178.666911829874,62704.43865175448,61303.88476732335,60979.68997012777,60868.34023807629,61847.1302262921,61474.169950858995,61449.138039008896,63410.473935020724,63650.36540520618,59885.312387205435,62222.23006971278,60907.90491827891,61552.547989697894,62231.228362318696,61613.85334024307,62154.11012107699,62693.01914825385,62246.33442044729,61123.54962054053,61151.17887648268,60184.62030672538,60893.22049308001,64277.70015825382,60977.76572974103,60500.74797578478,62321.04975103351,61808.75287412987,61710.271497524845,63639.38672902312,62610.80293426834,61318.96468465922,61448.49011188654,61357.4750537308,63012.808803814165,61595.72252383921,59815.94050594486,61911.8226252413,60127.322325002526,64594.651948709456,60816.47794329309,61782.636024932406
24,45309.84328164136,45749.99146164742,46774.01709451046,48587.76994106737,50810.67739835651,50739.978618426336,52378.77587168238,50083.54262064584,52407.849428235895,52856.49744887148,53693.21852645802,55486.2882462361,54096.46063025677,54367.4394234875,55955.68470213623,53612.20622700646,55865.16316434138,56365.672156716966,55775.26805792425,58478.392899013605,56244.16027122071,57644.80395495613,58430.00457205319,59955.28545599362,58555.091472233835,59912.4990647153,59836.9088988704,59338.067967635994,58063.73341273452,57819.194964051865,59827.10666668061,59196.443003902445,61089.602216782885,61011.374129558615,60016.29562027957,58962.22103757559,61070.67745360871,59335.71692214752,59740.14644377263,59562.05028449813,60652.58010288443,62299.192483513085,60960.179891103064,60501.03751720304,59264.53323018404,61816.16933942213,60271.719919105126,61400.29180721805,60881.98019326781,62357.546112219556,61204.858442662444,61361.94278524679,62052.140815205625,64031.802496261414,62601.63303482629,61459.12660787105,61597.31671007065,60989.865526055866,60504.22892913251,61003.86791038689,60762.05538243719,62492.75712258769,60442.067076454245,63344.927867707935,62663.97172372029,61801.4986867132,61791.66755540592,61136.00829543476,62141.43968831354,63134.829748191536,60996.35168191761,60010.37881962873,62703.95620599475,62258.35640965273,60533.31970259442,61005.385255918605,60861.91713093874,61030.314462700575,61517.79909999764,61592.40989753013,61136.97246402272,61013.42154057568,61653.62880595207,62134.03239254884,61557.58047318197,63331.59101328966,62554.68863904886,60039.51654109817,62580.324242094925,62681.60898180609,61436.17925124764,60166.34176565384,61972.801369211214,61956.24929740428,60621.74922505001,60228.34318021059,61866.68927061192,61693.88259614258,61474.56100152289,61876.78086166581
25,43676.66835141562,45574.59651902316,47762.04361300711,47661.61310125277,46972.851281649906,49251.736986977296,49320.3690611859,51660.04910611212,52409.619152385974,50679.67263629831,54182.72454114456,52500.186319939145,56232.42635858605,54795.511945951665,53819.235546986834,54375.66621525426,56567.09997343281,56057.14951598146,56763.713705950795,59145.25836462216,56679.75577495776,57879.807042227534,59782.029286513294,58655.75975278196,56639.835911661256,59395.58156584002,57600.59099279772,60878.08793471258,58383.70837666509,63104.10340643188,61460.151370970794,58891.744169032005,60010.50547276727,61020.71944580048,61178.22138267608,60882.28005827655,61960.385638439315,60409.69352154846,60210.24194899843,60321.11238484678,61848.82920757893,61333.178930991584,61315.769334199606,61987.18104722489,58634.00825681371,61525.70242639649,61470.48811286794,63261.840361789174,59472.73695365138,63220.35740755234,61484.033067806304,62019.44184746651,63480.34678339033,62176.387799152275,62015.9386657511,61856.20335845216,61013.30535933905,61585.50992903272,60785.60845400884,61613.688575555905,58885.5173024254,62223.56254311369,61581.416201356675,61341.630710051766,62025.22576410587,60056.61990391347,64106.40921759338,61681.424913187104,61642.3250751296,60670.64334018172,61868.87509556369,63514.80119465914,63103.1937514851,62894.442541928845,62533.237006324554,61455.203867940414,60152.64645935486,61658.50665930171,61623.17264740665,63170.81999027252,62289.193381056655,63857.991957459846,63365.15626670114,61385.00781931245,59782.981280875945,63603.88086600987,63576.2456496208,60309.07766024594,63762.9389473913,62413.49680741441,62150.683810747454,63898.31877551442,63576.74346579459,62747.09682157722,62535.58518786422,62709.479388358945,61491.68460569701,61907.45348692479,60892.49885439631,61577.22601247498
26,44560.03934559728,45334.0148109165,47286.14937944805,47692.80017683362,49581.899912223336,47872.18298429306,50468.53346446537,51497.34751857104,51654.2591805252,52463.33094663047,51369.61376357011,54262.5824070768,55138.53478908772,55446.288216396926,56561.38021656445,55987.88502702448,56723.80304006911,56714.018270007735,57704.75926100355,55317.24652202716,56446.55149045904,59712.1312014324,55125.69291515018,58162.930066431865,59974.489145620544,58677.20195311133,58510.18113639701,59345.22491241139,58947.40528665973,59577.71138844541,58879.242941153425,61178.08855653245,61694.40681204413,59956.27792130638,58574.041508774535,59722.86474192904,60237.00840195643,61163.902909793556,59440.687283484855,59814.35438798574,61431.592694642946,62021.65228107588,60220.31608116648,59433.03948337508,65036.212987783794,62093.58492225277,60887.80093209904,62302.10819486534,61157.69457671047,62392.321715620456,61584.81395042817,61542.18068847554,61332.94599638213,59766.61667738988,63861.21059766779,60435.613231168085,59961.45082975959,61364.26501913755,60490.45759714353,61605.11350619416,62513.950757165636,62903.078542667696,62705.177771843046,61378.316728309066,61821.026256571604,62266.351472548995,59681.940312917344,62489.447507116056,60068.57924959563,64277.53471102902,61354.72133505454,61628.599113697695,60936.44578108123,61113.15320233335,64606.47054729572,63013.898527363504,60033.7993256215,63704.80866636395,63338.109135016784,61574.81170792108,62285.961180540675,61905.2852286703,64295.26590399165,60977.254323926856,62112.349048550655,61427.41618808873,60225.33489620249,64578.49747539459,60533.971028675405,62219.11122768872,59869.02048534027,61481.69422332591,62469.483843638,60975.81890378014,62671.88692977263,61646.956929456814,63363.85254123438,63607.68832261184,61271.18572703375,62068.953174633236
27,45220.14507176668,46839.60040898414,47139.31197176301,48309.83034888572,48687.13047804683,49957.255560612,52162.087449636296,52114.78543981227,52868.521035661506,53537.88657536424,53087.338442988694,54217.40233376885,53059.19919600434,56376.61265093275,51975.35522642197,55641.47142928297,57518.46079586832,54890.0678635043,57359.43429863278,56393.00234949088,57076.284733806,58942.98076576001,58315.88421272781,55889.91654076104,57396.048546412945,59959.51763362796,59534.92568396945,61287.68158726217,61390.326615478625,59129.99784096093,62703.18555106097,59877.05485640787,58831.2866654745,59355.97846874763,57529.758687256726,62279.89935620425,62371.509180932626,59338.647330933716,60376.84200523138,60852.07822329141,59666.35766664184,58788.839245103016,60713.799810839,60647.60463276518,60629.1776570518,61420.87911286747,62923.62903645067,60895.55940059826,61511.57413083341,62223.97807719415,62058.513624912004,60695.346181337045,61584.896785995916,62160.52206174845,60181.475113383094,63081.70074844519,63311.385807589235,60752.3605719118,61876.62779537394,62437.90276287172,61033.89715129702,62286.65167685834,61923.40765744762,59983.57338088532,62312.509642551966,60456.72571194676,62918.32864364229,60999.29257681156,61623.79587430285,63475.85348847712,62435.79741245919,60555.08062284175,60642.19441520776,61149.95389421171,62351.13116435183,62315.41467893487,60881.11949420346,60499.10180280444,62244.118490950066,61694.03458371883,64506.58391504215,61967.142511851285,64105.27341189566,60528.34223299216,60049.280789345736,60597.08842624946,63371.93911948807,64055.85347696085,61013.235578855136,61402.27696699192,60555.084120741674,59786.61105387556,62825.21529524981,62233.124042737574,61980.310288098495,60289.73839512646,63939.70154455044,61369.5471409442,62615.631149689536,60231.400057068015
28,44771.36977245595,46446.0306019488,47514.54383793386,48267.15544955826,49572.6452382595,48462.343173006026,50841.40634392173,51475.99477053438,52305.021489363535,52757.016447184564,51744.05364774986,52253.45017894264,51704.28578694577,55835.084875166765,56308.09675691607,56758.309849552024,56517.53357824173,53966.96632259778,55647.64580735024,57414.42058649744,57681.4702553828,57540.55375721026,58520.91654515552,58345.12563144457,58712.68375275249,58022.236352363034,60174.60760548376,58672.992969816565,57774.37060303791,58615.49318175461,59281.14075534321,61040.482598628194,59935.76730864358,59892.96844508154,58739.43270388887,61294.05565410061,59675.452209251926,60437.222826780104,62426.52284354791,61347.865167615484,58864.876471954165,58771.549399005446,60889.0563952282,59577.61121026651,61873.527243397926,61204.33551570429,61406.667169048116,60411.178846257506,63396.702918711824,64762.84592231278,61059.24044458865,61856.301508772456,61586.14504993625,61191.850041416306,60537.01215711667,60263.4923505128,60230.76240270167,62105.98490910416,61020.61439951178,58573.21743469784,62222.4640036095,61662.80152307564,63343.5085075784,62192.822070561095,59987.10774780534,59101.28464259602,60927.91836044231,61054.616962139844,62949.12943589643,61818.47367359374,63200.56563434279,60260.649659488045,63018.4115614232,62734.30422467728,59455.67733060639,63472.596310528475,62004.99244991853,62370.20659018388,60868.34306993296,63442.56307817339,60494.902055018225,62921.72854602432,62912.898989745736,60763.8016369107,64317.184636126876,62219.02476154112,62729.654514069145,60115.98661492571,64493.12692720858,60485.48787443328,63187.72493231579,60766.85280889959,61220.334694500634,62912.004531845516,63200.787965300035,60444.265140785596,63280.320129224434,63227.5518207634,60849.735349295894,63895.250855671016
29,43251.77084610236,45346.654155129356,47696.85672518028,47057.29765603119,49295.80115061618,50108.25901480953,50380.070093486866,52338.36619666672,51752.98131714029,52948.05146897811,54647.67522943142,54783.63333350442,55304.628358984286,53475.02794069227,55944.65883583542,54691.850950922075,54611.68764755436,56440.66176831755,55794.54417351065,58158.663347993686,58496.29120366704,55524.700129274956,57084.25285417336,56579.39957592068,58012.604062179395,59335.32555560404,58705.44870432378,58482.20781143246,60931.36133483843,56774.863390021535,61183.54645719945,59194.533300799,59892.758094629986,59483.51030257619,62089.29454025097,58874.3023501388,60471.87843774631,61190.1826397417,58717.09982982747,59633.47136582094,60640.9670890145,59830.96364100716,59987.51880990832,60613.06475242455,61874.76874421374,60742.35850549254,62502.316879587015,60061.961325037104,59804.73581979964,63663.34793556559,60603.9923598981,59859.56000218786,59378.77950813288,62793.598422116316,61125.93130080395,61261.0022534097,61402.437067428335,62835.228340048925,61428.787972585036,64480.033389465636,61849.146827756595,62982.856782382616,62693.78873538231,61701.33840974224,61057.150880153145,62175.253325751866,62403.40369909656,61117.64260922039,62016.945033837015,63312.56476625274,64324.076723508195,62875.69251075051,64095.405923823,61113.86818711243,62719.816966794984,63491.67831131307,60817.24226023251,61317.04505108766,63991.70411904937,60742.1480357227,60308.56881091802,63756.796012343,63364.28588863186,62451.346843497886,61882.283411244796,61414.96117855412,62283.322030314775,63844.29991821047,62238.13027496879,64555.30732339975,60880.3308302284,61936.9619652237,61515.45085672115,60663.329827388174,61784.02422927826,62470.601401715045,62600.829742298476,64578.117841337036,62532.640403578036,63357.03790777722
30,45079.31309555877,48110.04797500561,50000.19271897557,48718.879354845456,47788.02742925908,49160.40169291298,50942.88038124033,51887.283192658826,52865.12442959071,53222.43940387759,53280.29087595306,53071.37175203086,54842.77352352431,57080.028292329196,56538.822071747134,56387.69423964892,57384.86593187529,56081.432549178484,56269.780222192574,56312.57996014653,57368.504704709325,57301.44453694179,59528.1455904482,57760.75548100365,57604.49313462096,61120.20736635821,58454.54414484024,59374.15304893345,59912.73689235476,58176.6602544321,61181.880708381264,60612.22210107905,61856.549721022275,59301.2799831786,60356.77976457542,60398.70345229815,60774.460987300015,58811.71855921711,60783.306805720335,59025.59247664783,61248.78221464868,58340.58273320619,58744.324734222595,62015.158407844276,60439.06500000459,59968.19014938763,62733.22019151014,61652.42212502243,62353.55076700832,61152.24296191523,64609.09654577671,60707.2377780027,63562.63889749094,61429.835029425696,59550.08424450073,62144.872430387106,61971.194195078504,60358.11070135811,60537.56064079449,61637.53168316449,62108.33151718909,58743.91912257735,62991.24664892559,61151.67762547391,60163.419082099885,62906.17647321432,61762.94364634569,63264.14479911093,62342.881110271934,61827.30138880357,61656.86350264839,62429.70463899857,61363.85678959546,60846.03013406438,62609.4492115094,61712.06949128223,61933.123437481714,63207.008988927206,61769.56647556418,61930.30737331718,61198.34543636375,62440.10604475381,62347.96351387144,63013.73270886604,61242.18171241153,61391.81022177188,62895.548260718475,62251.187173364044,60864.389172167066,63522.82108398479,59919.72053091637,62901.720574334126,60444.866814720015,64228.44589896561,60114.205036603096,63352.50702196981,61873.79229434255,61533.65214279708,62197.75542767107,62735.15415035106
31,43914.719397202956,45117.435984260206,47901.57941440536,46032.765653294795,48278.14333597047,53467.79206523691,49442.943659886994,52716.84890046975,51323.87334587289,53281.05636015812,54057.13580516139,55189.55796369295,54121.103017831905,57240.70502985823,54607.703867731616,56027.11399640495,56443.71794194912,55180.34763992021,56536.65169151762,57403.7382844718,57000.30340027734,60736.960371540525,57071.867493346195,59746.45294399079,59595.51096986941,58772.48019035633,57957.94355751515,58268.0125157629,58749.58874360286,57397.80245880157,58495.141674018436,58068.707434149204,61601.538910578594,60858.50117870618,61180.997732242584,61058.074888155454,60658.15594208098,62310.072656064665,59917.38796441159,60865.352756796776,61715.251922601325,59309.51060440105,64682.135610742356,61067.17886344938,61265.65848692904,62661.87347575622,62306.151845831744,61304.96428750408,61463.19785808543,59546.75521156265,60725.783179676735,62053.306670065205,62001.91564511054,62968.87317755049,61390.895448528034,59900.710119372336,62861.55563826312,63343.00409386361,62722.11726078362,61470.808449837496,62941.89740114341,65823.40763564248,61865.683683225594,60170.991163357736,61057.974003915115,62527.46781183686,59865.52004857016,62008.029556866706,62273.742375075286,63671.26488011641,63412.37326388974,62887.95107643333,59264.879487549224,62974.38099421769,62724.17432759613,62192.58815350956,59816.57570842432,60967.6244945172,60506.03108140619,59494.256535258515,61914.42666840712,60965.83157824425,65078.53671497802,61730.27622339188,63489.64010385894,60058.27175564823,61308.87587853807,62064.80902056979,60862.0661852691,61448.315380937696,61696.320125504426,61679.88928788375,64189.26354556027,62419.371221700785,62543.13738441941,62617.3919689366,62706.905179160574,61874.110845953735,61590.383794135145,62177.05301478362
32,46388.16473869617,47447.867080586155,46833.5754054438,49002.98963127605,48745.71665215337,49859.61237956787,50036.331159529094,51121.511383670564,53636.61035178908,52781.10756320863,53434.24798670872,52098.14854636386,53990.31492084796,54564.46557885873,54319.93556270174,55772.04799412975,55634.366875014806,56622.70441015181,57025.50200927528,56063.01685599854,57040.40651305282,57900.70075230569,59499.3752190537,58639.20658957717,57773.436978189944,59267.920462854076,61045.25308932396,60289.966667339846,60028.18133918541,60411.400207715866,61427.24503469194,61138.43140540677,60666.60136410652,61398.716971348425,58939.847498087154,58548.75824349678,60646.313174852585,60639.67310909035,59997.61108707376,61728.37237414957,58583.345025470895,60253.234975359046,60384.28228151816,59069.337805996925,62888.948354961496,59522.57831535033,60502.197377450255,62348.84637359449,62082.29694448225,60021.92381291853,62212.529164209474,61780.39578506432,64268.886912792834,61988.20277682755,61366.00653311379,60537.65158694607,60700.387080985616,60628.7739638834,63289.54235005045,61688.732752886244,62366.930687661195,63525.81218200969,58897.343935248064,63279.723711692335,61827.9923575177,62298.95465744053,60797.201355549936,60898.596588834,62403.953462471814,64690.63615273899,63044.11541200246,63369.076832033454,61629.69277585296,61148.872171057425,60940.59232242904,61299.52643137952,59429.50333999428,61029.84997407175,61233.79461757525,61701.836853393215,62076.024981801624,62358.159166326324,61910.25957172378,61235.07084710606,59581.10594490116,61250.82025519795,60778.04261651951,62507.81166726293,63042.995799630735,63081.24148317532,62866.20449635005,61800.34798787464,61336.77457934678,61068.9763747825,60158.726008967744,63160.03068033195,61762.10028084007,60477.96687425852,60983.48978905748,60936.50559564262
33,45051.62938201815,47377.34267574732,46704.46611675519,45378.53697993393,48752.20184561027,49631.53504012895,50334.65494027151,50586.532150587205,52287.94116520047,52749.57152458035,53242.11259949396,54329.97951520497,53845.608222229814,54270.14065971162,56971.055692736314,56417.275991744005,57141.72089641935,57998.03488626039,57510.83141424232,58323.988500349114,55623.63445754834,58052.83625938792,57858.953747488435,60344.36449130205,59680.93383225482,58032.580522809636,59443.5474123729,59391.136500372115,59916.347222445336,58318.0810338875,60131.31994326345,59573.897633439694,60325.428623632055,59247.084109693715,59535.753007928106,61760.08697074516,59195.937724071795,59383.95097625924,60588.405642630976,59811.08072013318,59756.74697049701,61021.05284807836,59160.14990708685,59823.34526621991,63560.1858457467,61704.989908509124,60312.32942349558,61761.128758147766,61987.839104751736,62545.03075280852,61240.954877748634,62604.451654001925,59023.10840840047,60235.904520974684,61732.142400479774,61961.01417485873,60499.340376129934,61931.00086796098,60895.61547493143,61334.81794179388,62918.36269968953,62799.44005829895,60531.02851306111,60476.37343962776,61268.10798871372,61744.80105006449,61001.80703535814,63053.516798331824,62234.20620474649,62316.42092419054,60320.292841890616,63251.19818719174,58475.89171347783,62869.98378277942,62998.73234952876,61366.57347628199,63420.33452049582,61824.03612199646,61981.13644884,62319.70120755208,65741.81474427813,63536.53881367519,62769.52745951083,60837.437166795935,62109.444107395175,60965.441672664434,62931.51639848329,62117.09194021044,60602.42490806163,62052.30570280559,60938.560249337104,62142.03833602268,60932.22847827955,61998.484839215955,62868.28854321196,61906.14384941239,61502.687605749175,62217.50669187253,62811.898584861185,60648.253819503574
34,45312.78738564625,47677.43023728338,47810.44193220195,48150.88217367499,49746.90325583964,50361.9634675688,51508.88054838591,48910.76761717851,50162.866907933545,53875.99716578143,51465.57396505221,54316.65624433646,53938.94802276848,53658.61636863721,55734.4874538108,55987.289704545365,58681.79680580364,55776.93593841644,58607.83054157557,57632.82958264689,56725.622394181395,58766.94736201338,58757.102107010374,58374.155536051934,58887.31362181961,58072.730314506814,58005.24987183244,60101.249508820125,59102.42219348674,59444.59239923817,60035.08610011072,60166.02526632615,58271.29714159646,61659.848811586155,60383.24739588484,60108.292630918535,60974.81000028368,60841.10688984754,61570.778378677314,61382.92957693745,61680.196804007894,62516.15436950143,62026.578394136464,60840.316483722,59747.78975894613,63154.97735735173,60922.93739820294,60691.541768195704,59222.97035105045,61757.90117507477,61572.206037841235,59614.516487175075,62013.17308881888,60905.64397270386,64763.87472714246,60882.22050498034,61071.24712269495,60569.96540933995,63177.67559860651,61219.83790150878,60818.737154372924,62557.06107393728,60071.0773834012,62495.20784955062,63899.195723298726,62456.82601087411,62556.763201159745,62848.818127261206,63868.98802910685,63280.99154436415,62367.74310335221,62935.11900709441,60796.97238960853,62800.669549456965,60670.89109890333,61445.02799865759,58193.76764962702,62381.46877678263,61133.57199151704,63245.64092091238,62386.155982831355,63272.133197617535,60627.85416504828,63178.86579530893,64464.16393005578,62858.180545198375,62893.40219217466,62152.04878100253,61322.24838691986,62868.3870499452,60150.56172051419,61459.27272051264,59837.853095113234,61121.11202640488,62738.178819162116,62576.27829118707,62032.84996099861,62178.05641947798,59712.24189847271,61529.799006676585
35,44182.378072277745,45305.50962584505,47841.5479296464,47048.96840586794,48253.601227648076,47314.48462539416,50251.61140094273,50034.080493101705,52122.05778275703,51528.87253031059,53397.359671105,53661.1869685826,56367.85773765802,55450.70503989624,53107.34229815907,54228.18288716223,56215.63523407879,55410.89184578833,53317.656281209536,58829.377661986204,58383.117472319136,58433.02386118281,57349.42824710053,58844.355707434195,57722.5268050258,59034.94351202268,57891.49455113408,61009.46504090024,57486.865517764454,61019.43259255008,59745.99917859838,59260.31885817519,60186.89241280022,60996.36391645414,61877.924897637306,60727.24817406535,59388.95949176525,60624.01240602865,62830.45503528452,62354.562872971466,61909.29750296161,61849.786106775275,61805.569044099146,62423.405749528116,60547.31660337204,59527.51655881631,61291.00964710395,60278.1727600951,60041.017625915156,60487.39915679471,64375.91882253713,61596.00397156547,61903.53364189226,60036.638909140485,59322.99316784487,60582.59076374681,63319.3138235828,62020.82743773702,62362.53788308941,62553.44810190896,60979.01488313358,63374.27376280067,60968.1317868304,63432.554025166944,62292.2786507401,59630.042426376414,60893.67383772719,59662.8196275257,63213.27695404928,61799.43628737835,59166.128508684844,62301.345584394796,61215.49718530068,60088.55021452019,63891.11726868627,62014.19794033144,61540.72457702293,61420.443448358455,60090.283041857736,60346.807983166094,63459.82499195497,61354.55868023272,61954.651259779566,59479.60597927608,60355.42587386518,62672.9656091298,62398.237493880515,64052.58180779779,63563.39852155577,61678.1030357216,62525.4054906526,61580.65473893393,64428.89304028423,63344.317314445856,62171.34681791915,62210.27998157414,63705.57387106781,62669.068643140185,63845.63306039386,59344.49623185104
36,45553.47391379856,45477.85941684483,49229.70716142348,49937.25562230211,49018.62121872254,51661.72489481881,52744.29664138514,51428.773556669425,54993.33479524769,52632.592803197884,53014.48383604285,54873.85698777463,53936.85873263646,54956.451194306275,57006.229054094925,55769.112122746206,54115.36427171762,56967.492649278545,56044.14610262969,58248.24747413916,58354.27631102414,59573.532030792514,59167.25466261686,59639.43672261196,57764.8430819256,59753.89854683005,61358.3359693702,58363.5390098689,61530.835452735184,58881.47188769549,58676.93469091762,60203.11978461139,60845.581406119905,61210.44645660704,59083.71390867619,60872.924663010264,59635.12930829978,58770.54955022501,59535.819572650325,59836.26873120934,61444.69552163538,62277.618078310814,59198.38097952098,61455.25323716594,59683.233323313245,61908.522328563115,60460.92874901498,59997.675842600394,62266.63995078487,60647.42632216612,61014.38537147347,58768.667505606805,62605.105871967244,62488.56450294852,61542.0461315336,59732.356805862466,63044.72213533402,60820.180814812236,61100.19963323543,64441.62172249792,60844.270405960444,62599.36701694443,62402.011620396166,62213.281825507984,62099.91671444311,62228.56288573904,62117.61393077648,61742.44383644095,63630.87814362912,60253.92611938209,63065.88916144303,62837.260084756264,62698.173245761944,63209.49255372833,61766.438990001756,59642.686010023295,61806.09106814152,60710.32012439221,61027.987353017386,60421.36305406813,61345.11101997227,61207.26969119545,59075.08622274281,62773.068844256115,64601.522546425644,62668.67521747565,61701.47463390284,61882.83589451715,61446.66788198249,62063.00610334374,61913.45150010879,60951.32075393967,63982.58732465525,60180.91459633125,62829.72256072294,61848.36908694148,64252.75170443494,62382.61274570144,61543.39279528987,61679.62510524029
37,45047.88803342371,44725.032420466814,46201.8101461284,45939.644434644084,47871.645969752055,49931.65549823812,50964.76927653556,48964.289916362366,51862.36022467642,53346.29412738811,53076.414344394456,53074.263506540054,53866.81423594938,54205.12743737974,54550.831074304166,55954.6377303793,58918.611496570535,55634.26948357329,56497.92723829885,57147.88455813543,56694.023330802695,59125.7345772208,55233.1534536979,57693.87257776787,59549.73567767481,58436.20158169509,58011.1876715175,59718.82700555954,60458.761385139245,59793.45453139515,58737.835753202125,60395.12323556767,59504.02974643559,61010.57056611292,62017.73947543194,57224.78443947888,60591.07576191475,58474.37553317255,63580.449453685396,60175.59972980089,61714.429219402824,60852.581451114536,60002.52743850843,59926.43629150336,62998.086153959244,62300.74550996029,63540.50635107255,61325.814666417566,61652.54607786298,61031.10356991388,61049.043469358694,60182.390091701614,61570.0564673683,60556.37836368215,62065.78742499307,61769.46619826563,61938.69757374317,63629.85280607346,61598.96223363743,62575.241258290596,64150.445495794214,63276.65554518669,63111.30454404284,61377.049335427284,62037.08773005905,60194.96506103607,62389.982502805135,62134.09808010884,61845.40054488365,63061.752538232664,60390.8096497153,63812.28474772362,62942.211925695,61784.356464977805,61699.08275894296,62462.18835931386,63717.86373827544,62021.68244796969,62079.05548722214,61934.00883581807,64056.35378534664,61480.55840045116,61892.760900312445,63688.92533583056,62113.54931715522,63305.661217334724,60851.44731346036,61702.180543374394,63733.17176972658,61143.348543787135,61776.30236527302,62268.601147487396,60776.13583632627,61468.9275368367,62102.888727080615,62025.82432071687,63508.17595136061,63823.32386040228,60947.977593508665,62110.395966362674
38,45809.09797010972,47915.99821342153,47984.24193305045,48430.67327958511,49779.06928618013,50627.49032144909,49491.30206665289,51570.84410136557,53778.00746135589,52421.374063968746,53427.24494750287,53543.790142042184,51584.77621527899,54878.75167603402,55677.05806201728,55131.0574310284,54763.82128462632,55469.98163212153,57796.723536855236,59576.951813042,59177.76866111917,56194.63640719603,59103.76867432647,57535.34873125113,57869.03871908033,58234.74403419591,59843.47476196437,60341.02295197187,59253.51221712692,59443.40710792745,60256.416676860536,60529.27270001467,61397.95975487557,58575.099937229286,60261.861621368866,59069.847295235704,60396.664059203904,60285.84591229279,60594.20380660643,59777.65770462368,59034.03357736346,58381.63665057053,60808.81275025349,60515.698621116746,60284.145948473735,62740.67799314431,60176.879622065106,62959.47156279489,63255.65502549089,59010.65288855297,61504.39986389547,60953.01862167127,57975.079504598354,59769.90477386349,62465.42004692619,63988.4930387429,62676.6928925714,62008.05584546076,61618.62491539884,63686.364352444216,64266.521181240685,61004.503846603606,59327.51703352467,59227.25023812644,63347.77325396946,61720.42636254274,62011.175514198294,59655.96467542417,60913.51169935007,61474.54181566029,62089.54549666146,61372.138879634695,60615.30286220505,60927.63684943715,63327.54620746051,62179.196444539746,62627.43042814557,60821.10461248888,58361.630222366315,61284.54149440563,60878.04018479428,62342.03284632928,65871.03847507354,62767.00177185927,65220.288508079975,62623.71421968744,61189.11989665666,62366.03086307367,64088.61724297155,64150.43131828888,61267.456371344975,62264.39930525678,60248.00100231248,62955.10202881269,63831.75034775692,62017.56558466174,61170.892661123886,62405.73236813665,62476.23027754556,62074.24634158123
39,45214.45814920314,45887.80343389925,48317.19949014158,48965.050131872464,47799.49447122799,48606.25899645527,50299.30991696226,52223.690099284264,52204.68316499844,51898.421694254364,53585.73129251693,53437.83725804668,55417.99136227619,55253.71358543286,54936.57392029126,56023.872026541234,57727.443294717035,55843.15329200386,57362.88677546915,57125.369676826514,58031.22907266717,57022.37368307781,58210.61842145688,59660.53152112244,57443.35081659553,57193.828627771356,57446.447744753495,57785.1238639928,60085.537448133866,57853.66037409852,59341.825771285345,60589.62641655843,60486.479779423644,59653.67553188534,60466.93729171016,60480.050941990194,60188.70564742216,60304.25459512421,63332.81607299802,61708.52225507388,63795.56243022695,60298.60592312381,60864.26901910552,59434.3490297843,60123.79098373085,63435.91561614132,60581.76429840937,63562.40822440168,59815.00781955191,60087.5706078123,60984.0646478686,61356.15450465944,62576.94898919923,62044.39877816911,61035.918409583195,61405.47496766765,61210.60361759066,60522.11239605431,60578.668249434195,62900.62952458658,59494.83622537895,63649.54549896669,61315.907835174345,60818.06486638129,62649.22721221442,63559.15651244854,63132.444151572585,62406.96832620409,63121.57458236243,59769.32169976859,61213.9427868388,60757.04525430139,63329.66077762487,61408.94361785151,62892.046132462296,62528.48323200191,60858.073936402485,61195.40333357013,63458.79963382474,60981.68748424573,62067.76598233945,60984.168580383855,61551.427394356295,61877.4082179534,60997.696504462794,60788.65424049944,62288.511385876845,60934.8466787792,60979.061856759894,60828.09243026102,61864.37155739909,63093.02083169743,63770.955621492576,61094.39797599044,64548.097660887295,60764.16040687436,63272.011754349485,61107.53948178504,60930.17151606575,61083.16635522042
40,44937.06276042106,46792.34785970283,47925.89522175568,46948.79517925685,47791.627102787446,48719.00128820932,50470.93393453152,51087.298825328995,50886.80371384571,52993.72661927744,55986.99154644832,53229.15132727123,53841.193424563,55525.63734774165,54644.328195149676,56548.8068781473,55287.134375153146,58725.25291295227,57293.428364603315,56465.894546493655,56812.41861266952,57191.29190974304,59725.51550116428,56808.64237310074,57766.22918953945,58115.122083450944,58977.36886202953,58864.58726905687,57581.67610499411,59060.90477682252,59579.83936515562,59093.96185048984,60810.61949362253,61219.6364223447,60143.76477392876,60628.12645052599,57864.52759726086,60051.93293091551,61856.08918139916,60229.22527054119,59934.06731754202,63628.18839386553,63149.12156360626,61593.98984309487,62461.96388001439,58482.49733619662,60263.143717465035,60695.32121642055,61023.86641372744,60763.800623531475,58333.510563277094,61895.88395312473,62121.6291921958,63425.752827453565,60589.52560066607,60521.258146153494,58377.49773817494,61267.41667453613,62725.55791063075,60933.04742023522,64260.767921143895,61400.8012590852,61903.89164704329,60109.35149735397,62106.18047758803,59401.71285764877,62623.72276766361,62674.05967845472,63448.48810390004,60605.156329820005,62032.813978581486,62527.02919759501,62390.83226616303,60830.758110398354,59007.17999685646,62301.80725727692,61709.842645827004,61219.748473987944,62822.952841305625,61858.363216881706,60334.890786783515,59605.475377060124,60573.41410049553,64804.41730443751,62804.46844553911,62167.52539565011,61726.99026912095,61651.66004139169,63352.48610362921,61366.241312419275,62650.165705817824,61542.46533006771,64291.30921611993,62856.24588827694,63462.39288651019,61268.514510096626,63241.51686143695,61598.48231612994,62107.32122862918,63938.93094810504
41,43748.6699318923,46340.27853202898,47647.659886492365,48705.58245463528,48438.276856088814,52322.48464121528,49050.64095498582,53090.14801671701,53485.09299503943,54951.26873392597,51366.03645799655,52792.21209600576,56151.7392810012,52601.59647779603,53387.15706398534,55160.08015603169,56379.778169634716,58437.37947223804,56657.37929957613,56480.03510770827,57892.51657726836,58371.36739294597,58607.703688269954,58117.560132680665,56221.65585738908,57687.975564833854,60700.519724458805,59414.401625804945,58984.122959734195,60882.49425518585,58343.160226134845,59577.26149212997,60151.79899297418,59586.693303886765,60358.744201085945,60126.243828599,58778.58313673694,60775.02971576457,59056.28100147423,60936.08732047238,62467.744318192505,60557.73384589714,59560.44917940612,60880.5145722703,60096.905816544095,61867.03064090408,61030.61894919205,63310.986566225816,62702.63004718058,61168.036843322545,62252.27299466442,60960.77071967904,61509.99250045728,61069.75324192522,62455.24387021567,63285.03986754087,62551.85696996168,62726.020799987615,62751.86389803902,62328.67596166814,60321.4907478392,63749.88088533243,63892.79389793513,61464.41967007584,61316.67856511828,62511.79059497045,62452.26062386804,61562.410584468606,60317.307607991104,62195.96022124096,62501.86328243523,62721.43470397776,62279.24562699171,61543.779062525886,63070.360711731366,61964.47309809465,61334.93464256124,61682.969127086806,59811.05556587709,61693.57647365278,62744.04867395447,62330.957750542664,63752.96702623275,61617.23265389852,62521.91211248376,62892.47879684703,64756.411791688806,62122.250158669776,60698.82630896147,62972.47070672973,64196.73404015882,61573.52041814568,62972.41910424555,63439.97334545768,63188.20336165403,62120.47646669081,61133.58501650027,61876.03976898727,62525.59998456292,63066.74077227176
42,45400.73405759885,45640.491694613804,47788.509163649614,49113.6792789657,49434.75031549835,48815.543182799585,50386.871975733506,52476.87048205301,50367.39289783609,50158.388559532155,55081.60839661876,54448.50818749967,55089.48361303136,53561.863094999935,56199.941421393676,56076.347925167516,54248.19252986991,58235.84948098814,57070.118385835034,56734.621326090586,57065.26095685038,55389.58532647383,58790.21982122327,58645.37223091715,58334.86303529115,60323.29700070346,57335.56359934284,58473.79192859188,58351.139596950205,59206.138021411214,59780.26421528625,60363.6954811592,59570.120763039195,59063.51942565445,62261.03715332856,63245.4447764514,60629.73880033842,59649.11981708466,62420.84810854042,59001.24064276216,60417.053339566584,60059.62122101285,59574.78627483071,60696.87086861015,60058.264651229576,61168.8051947247,61240.81804742644,60513.672596001954,60862.426504455136,61074.714687215775,62365.35738644002,61254.53912939743,62458.88632720239,62206.449857811174,62221.333554676916,63230.86909990455,60250.21006563721,61051.87715087665,63760.182333715624,61358.389054159365,58310.4857110045,61465.15305025517,61889.42834209293,58604.53945313443,63362.23883124324,60920.44165483328,62185.560959872855,61533.56801255935,60271.31669165138,60544.509030778725,60718.04003291152,63153.25561735157,61683.04847444648,61242.87862069808,60756.027569215556,63320.8351668469,63649.88378682721,63321.44586398969,62497.143211832066,62260.06271291188,60458.79946853379,61628.23517192232,61107.537774639604,59742.18801993571,63205.588419818225,61106.194649609366,63380.11367066628,63006.62725024063,62619.912495558405,62690.41708881921,61219.48455450822,64189.99905196642,62014.87177506151,62327.817701325424,61188.83310860988,60852.40792679016,62544.50873692735,62234.59142173011,61028.05660082667,60250.7616808312
43,43476.092295206945,47531.741714971824,46386.14899868981,47674.88694286331,50719.626558311844,48472.38704646188,49732.16542653366,50416.96535608522,53968.69644572871,55062.26238710045,54173.78484692854,54774.8715504585,53664.981606583955,57190.83764763754,55636.14325046423,56769.781817425166,56022.75569676285,56205.07027906638,58875.349109007904,57857.59050107168,59260.49920531711,58114.24541908674,57060.17605795792,57631.13206276809,58691.31748504839,58037.31449250946,57667.24073178462,60631.61933837745,58717.30541767445,59706.523294486666,60054.66049284031,59141.895502200896,61727.44826633582,58775.776194394784,60551.779129900955,60646.817793957016,60392.68927064301,59000.96112158332,61695.284213525825,61629.56197475784,60008.099094902915,61743.94633127485,61416.11815893223,59496.16537368295,60070.5564487527,62519.55757161381,61579.50486838994,60582.10712925558,60276.871462960604,60733.26089096173,60860.16667724346,60417.49877151936,59379.12730339911,62871.49022122653,62700.25712552976,60037.54739332115,61757.05267600871,60537.01103518747,61330.3431054843,61253.4489590181,61175.23308003007,64112.25156292417,61199.110084285596,60775.15860397157,60846.41834798124,63029.42895915411,59808.76242361631,60889.5983672496,63553.52580283007,62121.902217938405,62070.44584266792,64409.02507850365,62155.711843704856,61019.293846928675,61539.06579607221,60522.93613017887,63399.966707817744,62589.22724658573,63255.51538481213,63367.84737692627,61420.87191299183,60789.51470156492,61866.11428508567,60885.48926577112,62135.084567310616,63299.706842281725,61743.21580648491,62128.5256772179,61839.23618413026,62918.22928962862,61156.52233985072,59324.843356445905,62528.16388916831,63150.90098475257,62503.37380260009,61201.529645160896,60609.73900853276,62566.972264739954,62145.05418343137,61825.922590171685
44,47186.95601159255,44960.2211414449,49252.09800162285,48119.71788351908,46776.53367555592,49603.92453506261,51755.954509313466,50901.419510992084,50257.28001884339,52472.784748246144,52243.30212777589,54424.98716277897,55289.48738928837,53586.51897405468,54467.942879095055,56654.0204582138,55118.77248932924,55228.11962086592,55465.26903933706,57632.368420935454,57889.8379154536,56986.996376537834,58084.31837701951,60163.702443208436,57398.887005788994,56447.023620948916,59542.2851130023,59057.43750355112,58519.119398484545,60323.18828196297,60706.370358580134,57197.74562872947,59203.37141556755,62897.36578527655,60937.914712561855,61162.80091226169,61865.26792843776,60577.73884774937,61606.324143399615,61599.023622960965,61465.63112531569,60508.547317887525,61172.699642210806,60326.86607094814,61110.64831171813,59751.4307672272,60259.45665669194,60920.49621391841,60174.59601465169,60745.71272380602,61196.83094099009,61915.36922427171,62608.353000482566,60946.93303189186,63137.622259118376,62691.787229839974,62198.39171966504,61804.075833601135,62027.16878359839,63091.63023566614,63156.92973060264,63310.651136093,61777.093104149426,62411.03579205022,63373.77187132416,61028.43736957233,61409.18499718587,61823.9898625884,62896.856880271516,62927.325373203574,61563.10250318706,60040.11798107555,62155.51503332182,60767.13787576609,60089.63481875556,60368.80902813509,62284.49946921358,63532.99801866104,61952.89182433056,62165.92344824218,63337.39877675838,60069.87223307532,62552.38172457565,61918.89480953478,62616.40526741827,61361.00989519552,60963.458633232134,62117.142254471335,63930.88051159965,62988.04832815315,61348.62988878056,60351.41242724009,59944.64051748051,63544.81902140356,60821.62596312685,61579.19014412859,63557.206877649136,60036.89348002878,63765.99685127983,61672.505198690684
45,43621.700021713514,45799.5601418838,46254.93743858812,48610.56095636117,48201.459327135635,47524.99706714273,50339.88417610335,49711.6314876142,52272.198129115444,51245.64578766156,52686.293612639434,54053.91524653062,54106.457139966114,55154.559802953656,56131.25234409514,54356.52906040791,56072.10857453834,52531.30482684975,57176.49835951159,56848.9451289359,56338.70893585908,58186.71491974851,59485.45299428771,57759.922285103545,57433.981805800795,58987.1450666879,57393.466422162215,58397.46125559038,60838.03209664327,59615.307072911826,57443.93982824218,57691.2892758503,60180.99173794146,61151.21499894155,58296.68306325265,60891.13167530092,62054.20700306765,62822.68704306007,61047.770463121524,61345.51228381929,58258.960016058605,63414.6647402236,60275.64067965595,59912.734558006225,60789.02378491078,62967.62793476883,63857.860703271734,61409.761079599346,62504.74353949216,61403.578307122836,60148.18754547489,63204.746815620405,60722.69126183141,63346.11120559185,63093.74631411893,62302.29745223803,63788.24882883753,64298.512118268074,61433.931737798965,60696.61591276676,59451.51033418375,64402.33376854894,61199.882495194885,63107.11942257397,60872.00962236632,63622.81538056645,60951.14411146934,60374.68290663142,61567.13067755173,61190.987951187264,62555.69917917804,61788.775413700176,62613.33717362896,61519.891472857824,61079.42941910127,61185.18224354026,64346.76881743614,62169.958304214,59525.70375350341,61288.015846522125,62034.16408907592,64137.69774147604,63162.60847772321,60826.741146939064,64839.163221106726,61903.798147518326,63440.57915503385,60562.521372448726,59074.05520929722,60264.83841426136,58057.46104156182,64495.08606312111,62220.56076058155,60855.92685704534,62510.873544865986,62197.00708313871,62716.87360109283,63425.012907967095,61627.37405627975,60921.0665760405
46,45993.3302572463,47059.18058792385,47242.93654601551,50694.642224091236,48453.83170036699,48739.13815428325,51106.26893040205,50529.56012206185,52621.63409730334,51670.59227939422,52791.61823692767,56103.81838552041,53874.70278191002,53895.42161053165,56719.72229168163,54484.799159741444,55317.85374711151,57218.582728470305,58005.792106140514,58674.493754683004,56622.18245336806,58523.06202057603,57518.886062212616,57604.35682200952,60011.6145328416,58129.64947672995,59330.03993736303,59376.61426330979,58086.244251056465,60700.00342356467,60371.63725739233,57464.13051834107,60319.39424025015,59188.778186840376,61554.31918129918,58616.99674216821,60030.02243172453,60991.685718695866,60715.51150425992,61652.89907841309,58996.67494600123,62877.25888686926,61596.40252591723,62664.56180371735,62144.35934931822,61139.68770040026,59667.16759312608,60583.00684672989,63214.51853180287,63014.25878668789,60650.02213697228,58050.68926723184,61214.01655709293,61158.23081179065,61235.769583947564,62199.70097768706,62644.9342165183,62808.05633496462,62179.07474151858,59506.24401255932,61279.194459659564,64473.622802291655,62176.56098766,62186.45867618452,62192.89919110633,62275.35215847919,58931.550604344724,61517.31668667894,61771.8669965426,63366.91327144532,61897.346910171334,59874.63566240887,62376.20128757276,60904.52766266888,60417.41549502613,60884.46404495565,62543.84733539632,63410.266673253755,62485.73433906017,62670.69453100745,62485.57917751047,62044.81073620815,62764.486780610634,59030.27199023406,62070.44233838558,60687.280543733395,63340.46646879688,61771.945203068375,61988.9886295197,60148.86995359883,63178.058279812096,62713.37261474619,62631.458716726454,60989.87225658039,61039.35689496409,62238.1255850576,61138.35543405838,62495.446781816376,59382.18431658969,61391.820275673774
47,47156.10415851179,46623.764248057414,47322.20597370708,50463.84904047994,46176.073905239246,48840.59438249985,50123.151411297265,52369.507029964516,53077.80190420335,51630.99413562239,54469.45416301699,53350.832160687365,55815.375160786236,53614.87222560593,55166.93382635444,55157.84872163361,57416.62206916685,55899.37192398011,56828.76016267845,57818.09576258137,58173.15883166399,58872.19474196049,58331.56563387923,57829.24488388648,58148.12069966036,58819.921530010586,59295.70539342711,59013.3129228149,59394.19360782132,57719.98736445056,60500.1265263232,60065.01399925289,61188.73340301464,60116.53891672882,58151.751719377884,59921.341119137105,60217.87888633789,61448.74022403002,58165.974897873595,60786.76459069504,61435.19158816434,60101.17622029059,61055.78254715152,60280.45613713646,60219.783626373865,60663.516017588736,60355.375055259065,62079.61263855193,60425.10028016532,60268.24144024272,63515.056513304145,62585.5424248633,59235.42820546804,60585.75232972255,61826.45228446328,61953.96001616717,59804.88768244803,63009.975469831974,62634.49307637409,62245.45081331489,63316.70832774606,62251.46305311773,62265.79796099924,63614.29032023857,63082.97956025095,60767.08766077817,62551.119436054134,61007.624429021926,62422.32385583656,62401.05500076501,60179.9786616774,61704.23459275796,62178.402728463145,61345.56901136719,62255.21019519274,62852.53223341683,61856.130582722,62169.27255759158,63566.32729911424,62480.10256253729,62158.91399771424,60773.522868405955,62733.40123232194,62328.98248998769,63477.62363726147,61997.444837244075,59765.46358158312,59908.3865267347,62834.66784010998,61270.7238854656,62481.98251432927,62097.65804382045,61762.91365668515,61849.86613647711,60929.25730283557,61950.87301304291,61270.36140700276,61526.86740245273,61586.900586258766,61704.84181948322
48,46106.6081478085,45940.63225941687,48350.49638017801,49927.00313926609,50005.15182906835,50460.32996232779,50996.75786877436,52377.91600121813,52134.24715464495,53851.68600155019,54008.83594279356,53403.00132853694,55436.4286661306,54963.81947052549,55187.54933609905,55174.610507606696,56348.60824073748,57722.46452235509,57946.426404204205,57633.99464233646,58238.42102090269,59333.88776281976,57898.2563522606,56992.63957798603,60129.115016705146,58153.38084932459,58167.788674125164,57034.48159383156,60056.68916645982,57594.948847674415,58798.9896157475,60553.56340600365,60852.794409655384,59334.30132997844,60076.84482121314,59304.36311461773,59799.71864870657,60876.71456969319,60048.32713673392,60444.291122145514,59061.1333112713,62254.50908039578,61578.30884717658,61984.386394320914,62643.781535778566,60163.36438709145,60778.13206658585,58985.469423129674,65075.55002449046,61172.23107031938,62640.015592994605,59946.86103747191,62664.91034903069,63732.58332952519,61463.15981956245,60352.396139581855,61426.92344019766,58947.58304849652,61598.75973212993,62652.32942204208,61645.7249656433,61367.74759640587,62360.582645231465,62469.90501039135,59769.629388371475,61883.48416620655,64714.46737072293,60202.7263721946,61714.835795296545,64159.214138803276,63165.14962447699,61234.37330939993,62107.456755713785,61866.58322457839,60979.87209913783,61796.352372023845,61556.88290043107,62035.05191123377,61008.158588017825,60380.32482237343,61868.387922034024,63981.35998579013,62026.813530170686,61534.89001599951,62842.03928286598,61751.20705016564,64186.622891694846,61943.83655817452,62792.4473993881,61049.43094383146,62561.56831700067,62290.69104275013,61895.3139083268,61363.39036577931,61202.088510106994,62308.6294364981,62726.48045799181,61820.979871050615,62320.00095485471,61931.37612960236
49,45118.23122988646,45855.84727524983,47143.62067151186,51319.22574585523,49353.17940636988,50593.32407036283,51130.18754378785,51024.10536240158,53579.80132427946,52320.805661889935,54537.974435177,53433.76148379367,53209.44058703438,55292.518913235835,53989.3057179113,56388.81777010541,54716.39523597841,56143.89974729209,55161.62276166287,60598.92249666899,55534.097180493074,57819.62810146837,59450.18103086165,59574.806672526705,59589.369740698625,58408.44068589568,60617.501157742256,60285.988209195646,59625.90904385524,59829.38890640899,59334.59300783914,58756.09682158593,61471.07007733979,61690.99590016216,59176.897844368126,60166.93434812968,60285.68693432927,60518.06917302133,60727.45700559477,61873.582924331735,59922.120559028284,59879.34529281322,62450.17262594287,60477.72625785872,59579.62872194585,60571.46390722647,60812.14216392668,63125.22593749925,62416.83398721986,62728.75818865892,62377.510483912854,62568.14681661283,60643.54568636269,61265.151691121406,60347.598342767764,61312.868298844936,62414.40511045399,61781.196820219884,63218.00075610849,60297.46990419382,62288.9201597294,60210.75169978945,61840.512668905394,62633.47530111966,61504.112983188636,62438.24853637635,60639.606419848315,59808.31789313657,62485.77394168159,63921.93107323211,60644.88550842071,63317.082342459355,61912.20239074635,60266.28741452849,60519.75190270124,61904.39662904833,61407.487514289984,60324.257613431786,59873.37126737658,60896.20346915522,62150.49566010221,61915.537220851824,61326.684469655236,62175.06718386715,63185.16838065501,62414.14239780108,61799.41297607642,63062.21797732144,60800.03056093874,61685.05275523697,61716.55569027623,60476.23496028621,61459.27226317662,59475.54806210861,64262.33836608539,60844.90969359894,63875.09048406161,62019.276633466965,62653.11639849691,61390.31398534057
