Alpha,SO_Mild_Alpha,SO_Mandatory_Alpha,Beta,SO_Mild_Beta,SO_Mandatory_Beta
0.3,48960.10533191968,60605.51686464548,0.1,50182.78576616181,61421.23998635874
0.3,50112.73157722785,61462.96490755528,0.1,50453.60488446756,60528.80341649092
0.3,49942.07969153453,60687.24615155712,0.1,50644.09235957906,61690.03676485001
0.3,50388.588202882835,60756.70406049376,0.1,50325.38329265964,61530.85641634256
0.3,50421.971895908646,60090.89534593707,0.1,50654.05598728008,61922.746111285385
0.3,49511.816833116274,60359.719584721664,0.1,50548.15380316566,61800.545919580116
0.3,48912.96680515346,60480.210204866016,0.1,50443.32362209057,62383.66098074759
0.3,49670.208453795894,60661.10666681387,0.1,50381.579200680055,61057.50043783385
0.3,49867.46560549838,59992.28359368268,0.1,50549.75394027803,61035.99054724471
0.3,50655.42843150453,60541.25955210399,0.1,49975.67178305308,61763.80117712894
0.3,50431.42942071264,60591.75723037704,0.1,49068.67564315765,61041.233322000306
0.3,50231.997565603524,59819.50213767428,0.1,49929.11804272413,61471.08470009693
0.3,50639.05175197815,60939.34082518815,0.1,49505.4421651344,61673.92542247246
0.3,49990.579849663765,60644.00104693663,0.1,50928.04496341376,60583.69097738246
0.3,50501.302930113125,60313.99989794477,0.1,50695.301351416456,61658.0296419101
0.3,49208.45979266774,60323.36801280834,0.1,51070.15018720809,60665.53533169177
0.3,50076.19474607737,60483.78010396332,0.1,49795.20267874838,62151.32461083504
0.3,50658.78307866438,60020.04880554035,0.1,50189.055147340194,61136.29791249572
0.3,49583.35468476661,59970.97674916121,0.1,50916.54726187644,60815.39948836526
0.3,50214.37054752874,59736.983123463084,0.1,50467.07529345694,61845.87214637653
0.3,50371.87819901665,60033.55773934527,0.1,49889.44889132874,61149.997835302245
0.3,49613.44882012274,61385.112629995616,0.1,50036.638190005455,61013.03229055413
0.3,50616.28986434784,60559.60665887845,0.1,51192.824290065335,62102.531816983035
0.3,49344.480924728654,61507.21122832543,0.1,50728.91706471273,61666.10484231373
0.3,49901.839223782066,60623.79048823411,0.1,50852.42745061705,61063.83201195541
0.3,50455.96688455573,59518.55239673003,0.1,50719.07525209175,60752.345804929704
0.3,49679.981334084194,60465.96262998314,0.1,50120.71525504269,61356.59922679461
0.3,50065.35985585572,59848.196578965166,0.1,50069.51450317632,60763.6364584154
0.3,50163.16883065714,60516.87020196927,0.1,50244.051086271524,61973.16686259595
0.3,50833.65882451296,61000.145394502855,0.1,51378.56957694686,61383.71998652287
0.3,49865.37210636233,60401.96525652433,0.1,50891.09946227241,61118.25293892763
0.3,50507.248385161445,60641.812144325224,0.1,49567.176603390224,60953.23875968247
0.3,49314.43329465688,61546.89541764514,0.1,50445.8279836629,61470.48464099973
0.3,49505.06565354235,61739.48477169971,0.1,50549.51194754091,61259.17719274127
0.3,50213.97746103982,60182.2793551637,0.1,50312.68348399726,61571.93127235613
0.3,48816.48365794061,60888.38223462418,0.1,49918.05411081318,61801.03135566574
0.3,49224.8447071904,60678.64727918411,0.1,50306.8245556168,62433.549126346974
0.3,50966.81635126119,59931.16056738494,0.1,50442.34223012014,61159.91213831331
0.3,50369.027706036504,60094.20019257106,0.1,50318.65690544555,61164.89869538893
0.3,50566.57476838445,60532.9113399774,0.1,50903.61402921237,61378.861899304764
0.3,49990.468301073226,61103.64415573761,0.1,51093.54083298075,61632.21073346689
0.3,50312.646220575116,60097.655480737754,0.1,50615.74622974198,61586.47716779933
0.3,50893.55671087715,59732.08675799024,0.1,51198.17344408186,61728.3479815255
0.3,50137.848547823814,60088.56765455535,0.1,50740.278496720275,61611.371277504295
0.3,49256.38764622107,59932.90949510014,0.1,50023.65758217409,62685.84809312748
0.3,49975.380240079685,60674.86338207428,0.1,50864.06286031557,61713.9573462775
0.3,50529.46591559971,61238.018254696835,0.1,50585.65380597769,60251.21594815778
0.3,50138.84357355202,60278.4033605646,0.1,50467.32820736797,61437.973568030655
0.3,50519.50865350229,60192.67925787887,0.1,50188.58108905691,60984.22339593293
0.3,49202.19273548433,60969.50575622133,0.1,50430.37401872036,61785.76442177402
0.34444444444444444,50884.178148128965,60422.42750929647,0.14444444444444446,51316.7660264093,61618.81481080318
0.34444444444444444,51202.633803971716,61124.859492751275,0.14444444444444446,50405.19952593842,61352.141063260446
0.34444444444444444,50439.203211204665,60574.990283932864,0.14444444444444446,50738.65589001891,61642.3483955046
0.34444444444444444,50730.866606344,60071.14426976194,0.14444444444444446,50906.36848197594,61313.653391375105
0.34444444444444444,50052.32699943387,60466.75171535222,0.14444444444444446,50953.53445514129,61758.45195071251
0.34444444444444444,49567.755847148524,61264.82706099116,0.14444444444444446,50491.34251061933,60673.58782221184
0.34444444444444444,50392.79146051767,61235.67908593042,0.14444444444444446,50246.42054812292,62317.130996397034
0.34444444444444444,50083.07221776046,61325.87310931988,0.14444444444444446,49842.10309236465,62192.094454319944
0.34444444444444444,50260.793100379815,60597.260166347114,0.14444444444444446,49824.59843887243,61146.75821978859
0.34444444444444444,49902.77783944003,59841.8814500209,0.14444444444444446,50501.52939576628,62424.48487480989
0.34444444444444444,50804.407873930686,61358.78591780071,0.14444444444444446,50701.95436773898,61426.33075295249
0.34444444444444444,51685.90667133131,60666.02348100478,0.14444444444444446,50221.21587227539,61794.313806711296
0.34444444444444444,49888.82542108466,59982.61572203788,0.14444444444444446,50432.529666603405,61418.83138711155
0.34444444444444444,50702.20539412175,61198.24655060616,0.14444444444444446,50509.711636396285,61893.26442062628
0.34444444444444444,50998.11218187144,60375.01232362238,0.14444444444444446,51069.78266512918,61088.13909025117
0.34444444444444444,50580.405004454806,60572.31304516068,0.14444444444444446,50375.259893185284,61170.39402066128
0.34444444444444444,50894.08031919598,61101.440894079475,0.14444444444444446,50780.56490776593,61986.68075956245
0.34444444444444444,49444.37520671848,60767.73481349436,0.14444444444444446,50787.221551933944,60438.009486086994
0.34444444444444444,49248.16512103401,60251.692477199205,0.14444444444444446,51068.76548202237,60858.83789938978
0.34444444444444444,49670.82347947539,60512.862608701194,0.14444444444444446,50331.268693661914,61632.549015858545
0.34444444444444444,50090.8793302199,60915.62488087137,0.14444444444444446,50646.94596027095,61969.7009336804
0.34444444444444444,50279.49507261938,60821.40341863325,0.14444444444444446,50383.512572739426,61050.026441888316
0.34444444444444444,50388.41493624626,60208.436012662896,0.14444444444444446,50533.067526346014,62021.843001154746
0.34444444444444444,50258.811579474626,61550.56284659251,0.14444444444444446,51003.725324429965,61576.90733729454
0.34444444444444444,50139.32080879026,61080.66971611657,0.14444444444444446,51351.87048289032,62105.76145473591
0.34444444444444444,50423.034578068895,61264.467548634624,0.14444444444444446,51083.13000696027,60944.341421659046
0.34444444444444444,50365.79167209091,61256.015947683,0.14444444444444446,51080.508407542824,61432.15421010424
0.34444444444444444,50475.86791181094,61161.97583768038,0.14444444444444446,50491.41677353435,61192.05759769473
0.34444444444444444,50443.286043361404,60329.93865941866,0.14444444444444446,50603.03060694672,61220.45645575798
0.34444444444444444,49636.840048875914,60656.719604081205,0.14444444444444446,50773.76603886443,61446.86175282733
0.34444444444444444,50998.04248631039,60747.506811369676,0.14444444444444446,50799.15813521142,61809.96910232737
0.34444444444444444,50377.00196460155,59849.68017207204,0.14444444444444446,50541.70630312798,61164.68671930865
0.34444444444444444,50319.09317255627,60876.28734254165,0.14444444444444446,49685.687573356976,61918.660191617084
0.34444444444444444,48885.56274330902,60978.77780431873,0.14444444444444446,50728.27152042913,61445.245143127526
0.34444444444444444,49396.7319438946,60470.6587508773,0.14444444444444446,51274.84708015255,60889.07273664067
0.34444444444444444,50719.458228859694,60912.0590967522,0.14444444444444446,50717.008769844615,61051.30401309804
0.34444444444444444,49997.997176737335,60566.29573365973,0.14444444444444446,51016.891815977,60420.26269377878
0.34444444444444444,50013.226105405636,60913.77781057874,0.14444444444444446,51090.896720256824,61914.66342691647
0.34444444444444444,49621.90079352429,61395.54206740667,0.14444444444444446,50227.38267232118,61566.50318786805
0.34444444444444444,49648.44038278345,59969.804566913524,0.14444444444444446,50238.127218879024,61747.13156363937
0.34444444444444444,50717.79878819575,60614.8726713036,0.14444444444444446,51099.00344274523,61030.843500414536
0.34444444444444444,50257.45201755177,61160.64884183808,0.14444444444444446,50040.51456045048,62081.551908683454
0.34444444444444444,49862.50374827494,60901.90620951004,0.14444444444444446,51659.47418464462,61780.55686163438
0.34444444444444444,50546.32971301649,61654.95077627082,0.14444444444444446,50973.109633134954,61367.313043753915
0.34444444444444444,49966.69277597282,60601.85973315392,0.14444444444444446,50778.902891828984,61708.69397595312
0.34444444444444444,50503.88553188488,60937.62981536276,0.14444444444444446,50597.60242099148,62208.26359434059
0.34444444444444444,50153.704342474804,61629.67832458763,0.14444444444444446,50777.26126690614,61686.13333840748
0.34444444444444444,49381.00358756643,60122.460608104404,0.14444444444444446,50607.907363718965,61503.163695616284
0.34444444444444444,49386.781252344525,61434.17331383332,0.14444444444444446,51298.244024460044,61606.28634884745
0.34444444444444444,50479.58388283244,60147.96079139993,0.14444444444444446,50773.53641514486,61624.434372279706
0.38888888888888884,50382.927748769835,61152.82886999718,0.18888888888888888,50595.52145932069,60962.69665883972
0.38888888888888884,49339.83463484266,61260.80523063952,0.18888888888888888,51564.06485133359,62200.81367261668
0.38888888888888884,49855.67141337779,61520.000940112164,0.18888888888888888,51402.299603920226,61130.407232140395
0.38888888888888884,49870.973821554544,61276.24657692718,0.18888888888888888,51500.23790509908,62650.102060179306
0.38888888888888884,51091.72956083937,61653.94670717328,0.18888888888888888,51300.18898491417,62490.57787292682
0.38888888888888884,50698.02688630302,61125.99887844579,0.18888888888888888,51176.702081907664,61243.36286497669
0.38888888888888884,49694.39232590102,60947.11874651693,0.18888888888888888,51031.59371299388,61156.495316779045
0.38888888888888884,50331.44135980799,61017.75549492503,0.18888888888888888,50479.090708527925,61824.806880961296
0.38888888888888884,49677.683323284626,61383.8840390786,0.18888888888888888,50868.78701321783,61898.2043698347
0.38888888888888884,49853.986608281804,61939.72113846949,0.18888888888888888,49881.73328091554,61589.547693287896
0.38888888888888884,50518.45503710379,61656.29798067389,0.18888888888888888,51052.27702661055,62040.85350294629
0.38888888888888884,50923.74101461712,62205.632487469076,0.18888888888888888,51184.66426806941,61792.29579719497
0.38888888888888884,50535.38494706397,60971.636041761696,0.18888888888888888,50588.165702789054,61917.40210925468
0.38888888888888884,50259.05184872199,61914.71798733657,0.18888888888888888,50627.92122013267,62117.19486011612
0.38888888888888884,49784.326736483126,60727.604377570075,0.18888888888888888,50991.431754425015,61635.805593272824
0.38888888888888884,50562.94032481017,61090.267939655416,0.18888888888888888,50393.280218899024,62226.40438693571
0.38888888888888884,50928.26667329695,60497.32004792695,0.18888888888888888,51057.30250094871,62718.15150496353
0.38888888888888884,50410.97144062784,61073.16079540733,0.18888888888888888,51040.88740977425,61971.62511205838
0.38888888888888884,49908.322459111536,61605.99672698312,0.18888888888888888,50045.143370079284,61821.908856430695
0.38888888888888884,50398.5522996304,61099.62936124302,0.18888888888888888,50619.51365111555,62079.88281087122
0.38888888888888884,50032.09271581023,60981.73387527397,0.18888888888888888,50945.119999357325,62159.30325717963
0.38888888888888884,49933.63064998416,61598.54985934888,0.18888888888888888,51844.07533475875,61267.48551394055
0.38888888888888884,50960.8524428221,62006.69742906779,0.18888888888888888,51251.13105754047,62008.46325007184
0.38888888888888884,50661.47113290517,60997.0573700101,0.18888888888888888,51767.42517171888,62019.358951682465
0.38888888888888884,50209.9628328966,61411.990688536825,0.18888888888888888,51078.48297514965,62092.393282181154
0.38888888888888884,50544.8762217249,61079.56259349573,0.18888888888888888,51238.41083226128,62393.85174279708
0.38888888888888884,50313.40515600654,61752.26187705291,0.18888888888888888,50368.088513084534,61470.497277804
0.38888888888888884,50228.52077253592,61840.00463008469,0.18888888888888888,51645.42083751803,60687.30919396862
0.38888888888888884,50535.51254144455,60982.726258375355,0.18888888888888888,50735.41315567872,61741.446659858746
0.38888888888888884,50051.8098217899,61089.40430170029,0.18888888888888888,50689.321837908865,62457.14068323682
0.38888888888888884,50696.127279720225,60978.160187469664,0.18888888888888888,51015.74666877857,61473.009614344046
0.38888888888888884,50869.612220934665,60953.18724845248,0.18888888888888888,50460.57312227917,61807.579455913205
0.38888888888888884,50382.05215324888,60523.319465420915,0.18888888888888888,51360.754796379166,61735.87072235045
0.38888888888888884,50724.182862846625,61033.078819881885,0.18888888888888888,50710.56761064887,61319.02482224432
0.38888888888888884,51233.87969811239,61519.07167530081,0.18888888888888888,50964.79719682243,61825.951927852126
0.38888888888888884,50486.69433130827,61779.25467718012,0.18888888888888888,50415.66849472969,62179.87475466322
0.38888888888888884,50646.9988691555,61670.79672709405,0.18888888888888888,51630.799432404674,61691.16565059935
0.38888888888888884,50013.258694615804,61397.261095787224,0.18888888888888888,50928.84659933411,61114.19935630956
0.38888888888888884,50695.80537474595,60394.29613405605,0.18888888888888888,51146.37254046466,61898.7537751304
0.38888888888888884,51197.75717648929,60586.5005378143,0.18888888888888888,50614.725538038285,61294.920407190664
0.38888888888888884,49794.96326214489,59742.323901259784,0.18888888888888888,51701.562899588615,61858.051784703166
0.38888888888888884,50681.372414357844,60345.133953209326,0.18888888888888888,50318.942129837415,62094.438812874316
0.38888888888888884,50185.98470126596,61585.60086040327,0.18888888888888888,50892.60643418168,61696.11283183019
0.38888888888888884,50540.47089929089,60854.818036360535,0.18888888888888888,51267.05642554663,60360.28512267572
0.38888888888888884,49649.10468903221,61112.86022396091,0.18888888888888888,49874.25797221894,62356.276028934975
0.38888888888888884,50872.08207627097,61517.084890043014,0.18888888888888888,50713.31671955428,61453.28052622733
0.38888888888888884,51337.8348623982,60839.93738000151,0.18888888888888888,50108.89928361144,61763.591341241314
0.38888888888888884,49785.92759758733,61321.64215608888,0.18888888888888888,50936.40568061606,62387.07398766425
0.38888888888888884,50550.15505871447,61164.23686027471,0.18888888888888888,50964.000365372434,61515.262716807454
0.38888888888888884,50071.24543956237,59839.977116575436,0.18888888888888888,50980.61615371259,62221.41094778897
0.4333333333333333,50163.36003559083,61778.53423314754,0.23333333333333334,51312.27650692619,62110.717395660875
0.4333333333333333,50808.64846586729,61982.63200029303,0.23333333333333334,51003.95759132294,61509.33639392477
0.4333333333333333,50839.25762118289,61868.00862129165,0.23333333333333334,50350.26726041909,61204.49696381116
0.4333333333333333,51049.03267717204,61510.23758516425,0.23333333333333334,51063.64981060419,62049.14003496754
0.4333333333333333,50680.416043533085,60045.56878386409,0.23333333333333334,51413.81890796861,62080.865926124934
0.4333333333333333,50338.3746249856,61193.2986369645,0.23333333333333334,51392.10239123964,61734.72668467904
0.4333333333333333,50612.26480259617,61034.83058267845,0.23333333333333334,51252.08789838482,61299.26474403482
0.4333333333333333,51135.448673545776,61059.24501766274,0.23333333333333334,50836.5737407287,60884.257197880725
0.4333333333333333,51217.88298747528,61019.42248236869,0.23333333333333334,50882.4589947195,62412.39324202052
0.4333333333333333,50364.77676868009,61160.09382346173,0.23333333333333334,50901.771991708054,62160.91249608661
0.4333333333333333,50418.54966199876,62089.318973020796,0.23333333333333334,51003.25927371233,61514.78709368032
0.4333333333333333,50503.12435270316,61349.17210219603,0.23333333333333334,50773.34276149105,62389.84224682543
0.4333333333333333,50295.76835258644,61370.10326295903,0.23333333333333334,51225.0036945706,61491.20209977331
0.4333333333333333,50774.89092141338,61392.41956340249,0.23333333333333334,50172.93089371741,61903.42329178224
0.4333333333333333,50591.52082740632,62008.015196802255,0.23333333333333334,50575.72675478179,61711.28249511836
0.4333333333333333,50803.49139293717,60924.55758963073,0.23333333333333334,50139.455375119425,62320.37642875565
0.4333333333333333,50624.03404635037,61230.824909274976,0.23333333333333334,50818.177763033076,61827.329985567376
0.4333333333333333,50927.17964543734,61551.46990369196,0.23333333333333334,50450.20155896908,61661.30764707019
0.4333333333333333,51231.82207183516,61129.979358637516,0.23333333333333334,50927.896554830295,61493.37138676149
0.4333333333333333,50570.45658552676,60967.942922928174,0.23333333333333334,50758.73579163333,62493.145712276666
0.4333333333333333,50645.76520004007,60731.709491656606,0.23333333333333334,49991.64568184901,61892.28085053067
0.4333333333333333,50827.40894959169,61472.27020733457,0.23333333333333334,50473.93363319092,62468.24499491719
0.4333333333333333,50744.25903569063,61894.067321847084,0.23333333333333334,50776.30301624803,61276.42271280423
0.4333333333333333,50779.06791131448,60861.61123180804,0.23333333333333334,50758.86164782383,61974.81712886766
0.4333333333333333,50388.73027889652,61459.909214284875,0.23333333333333334,52254.477895455144,60745.0949843352
0.4333333333333333,50502.61693166285,61397.020980322566,0.23333333333333334,50267.10859917445,62452.609440234024
0.4333333333333333,51477.392920742685,61550.17772304338,0.23333333333333334,50112.186845350305,61804.81596142456
0.4333333333333333,50857.79647494082,60495.59925221466,0.23333333333333334,50624.984227147535,61479.787976612584
0.4333333333333333,51039.668992783096,62925.9809397792,0.23333333333333334,50780.570358862424,61633.65863942039
0.4333333333333333,51339.49373480923,61279.9049080439,0.23333333333333334,51395.19747377662,62464.14735372151
0.4333333333333333,51807.19537848627,61513.74818329777,0.23333333333333334,51079.81864849704,61681.96373108082
0.4333333333333333,50819.939804927366,61366.28189210609,0.23333333333333334,50995.90160207087,62202.512783372214
0.4333333333333333,50520.00723256403,60375.952403614465,0.23333333333333334,51367.51581986876,61985.02342349251
0.4333333333333333,51060.41368260989,61351.50089626372,0.23333333333333334,51630.49744268801,61491.74397303758
0.4333333333333333,50572.636322729806,61636.66882206924,0.23333333333333334,51436.64481455904,62152.17993138032
0.4333333333333333,50459.37754951621,61631.9133886015,0.23333333333333334,50561.666478298976,61916.34294133899
0.4333333333333333,51268.196921389455,61702.40667684751,0.23333333333333334,51017.38145581533,61728.98377982166
0.4333333333333333,50589.918098244285,61438.252448058665,0.23333333333333334,50790.19891669773,61037.586184157204
0.4333333333333333,50766.96345620554,61083.92485116988,0.23333333333333334,50522.0330601661,61680.813933905236
0.4333333333333333,50770.59651730462,61842.285446236965,0.23333333333333334,50580.382471834964,61372.167965788634
0.4333333333333333,50710.424714722045,61287.93355103331,0.23333333333333334,51397.21234322617,61748.03745667766
0.4333333333333333,50523.1149067517,61826.08442015493,0.23333333333333334,51950.03752693488,61911.37374953313
0.4333333333333333,50116.57856437484,61091.771428076856,0.23333333333333334,51386.744263009015,61695.93897751586
0.4333333333333333,49863.21615977628,61516.9993496699,0.23333333333333334,50535.82928370568,61931.424602567895
0.4333333333333333,51097.610504537275,62165.740913228765,0.23333333333333334,51514.42470204724,61755.463782272804
0.4333333333333333,51440.99958826403,61154.76292890439,0.23333333333333334,51090.05575855726,61928.7802157262
0.4333333333333333,50791.682149422486,61298.84382940798,0.23333333333333334,50817.666205536756,61776.58776729438
0.4333333333333333,51490.48864277922,62151.7231500529,0.23333333333333334,50367.42935230654,61794.455733248375
0.4333333333333333,50750.702386155295,61190.322126894374,0.23333333333333334,51193.31364836383,61947.85605907185
0.4333333333333333,48942.64520954762,60783.2000912417,0.23333333333333334,50958.756930484895,62162.50572311043
0.47777777777777775,49962.742509635085,61110.21704838124,0.2777777777777778,51053.02301073149,61940.291302759244
0.47777777777777775,51828.312697844856,61185.81262662747,0.2777777777777778,51323.13575903607,62001.63314250782
0.47777777777777775,50358.41739146972,61373.071267175306,0.2777777777777778,50837.25790848433,62167.468460906806
0.47777777777777775,52188.16125337706,61802.10721943776,0.2777777777777778,50937.94635277194,61792.576604739734
0.47777777777777775,51385.99102194102,61921.031039094596,0.2777777777777778,51033.26666815593,62016.8787562937
0.47777777777777775,49896.68438008889,62599.653067158106,0.2777777777777778,50403.74319358806,62099.948566983396
0.47777777777777775,51089.437264559216,61772.476843825716,0.2777777777777778,51878.81198009814,61443.52773742908
0.47777777777777775,51768.952621061355,61660.05886447845,0.2777777777777778,50704.267693736314,63323.34644495281
0.47777777777777775,50816.6813065105,61660.78197303571,0.2777777777777778,50544.489211394786,62576.528371914836
0.47777777777777775,51427.034531545396,62240.244799345106,0.2777777777777778,50841.20247771019,61963.403329488196
0.47777777777777775,51028.19831981984,61307.44955957709,0.2777777777777778,50889.971652028806,62146.183644073666
0.47777777777777775,50703.77209165096,61307.29119971597,0.2777777777777778,50165.67896730607,62026.46356203243
0.47777777777777775,51469.07279974746,61045.96965414703,0.2777777777777778,50753.87463087327,61001.79638586134
0.47777777777777775,51686.07448297112,62477.15977203293,0.2777777777777778,51516.000069400165,60879.58195000244
0.47777777777777775,50429.624443571374,61625.09120151341,0.2777777777777778,52029.77867075191,62241.80992591044
0.47777777777777775,50532.67368667176,62048.45023218254,0.2777777777777778,50275.0576611667,62602.38015734194
0.47777777777777775,51595.11300223255,62426.142991502915,0.2777777777777778,50580.365821709674,61580.92139189325
0.47777777777777775,50672.42365218115,62460.73686720557,0.2777777777777778,50055.07039917092,61501.3518833868
0.47777777777777775,51474.79990611953,61738.91637895639,0.2777777777777778,50582.471169606324,62342.40637614594
0.47777777777777775,50884.15964992743,62604.19037565672,0.2777777777777778,51539.15248862018,61312.93894401121
0.47777777777777775,51418.06982901207,62445.725325587955,0.2777777777777778,51090.825540234495,61013.20600670458
0.47777777777777775,52181.58094491394,62106.96684148952,0.2777777777777778,51092.7279429999,63014.37342370379
0.47777777777777775,51051.721249344286,62512.30206399617,0.2777777777777778,50065.649341153454,61426.00006224992
0.47777777777777775,51882.79934462239,61527.63636807541,0.2777777777777778,51319.19316284236,62355.93057081842
0.47777777777777775,50787.959628295575,61324.04802305979,0.2777777777777778,50484.99718301855,62670.12420101238
0.47777777777777775,51060.263876094476,62277.96263524537,0.2777777777777778,50547.76633931922,62770.067137134836
0.47777777777777775,50414.45024657161,62400.23109344417,0.2777777777777778,51189.881399576014,62568.94085935185
0.47777777777777775,50662.225432603474,61565.93795641781,0.2777777777777778,51140.96961868829,62261.8153855105
0.47777777777777775,51453.85801550077,61520.7630542149,0.2777777777777778,51310.621818845175,62505.72660465003
0.47777777777777775,50187.139650277335,62205.16188828786,0.2777777777777778,50939.14165547684,61483.38141579061
0.47777777777777775,50823.03774044232,62432.36274992185,0.2777777777777778,50916.08599205405,61599.58941771287
0.47777777777777775,51305.38422427062,60959.18415294252,0.2777777777777778,50654.51950163677,62760.72195323354
0.47777777777777775,51546.65610058335,62783.20830975681,0.2777777777777778,51266.91950093373,62221.70207444979
0.47777777777777775,51405.690643521004,62370.263545106856,0.2777777777777778,51491.877326766116,62242.08857971603
0.47777777777777775,50765.052848435014,61594.98565651604,0.2777777777777778,51889.094302972444,60886.01116917694
0.47777777777777775,50995.11123640199,62293.2860123436,0.2777777777777778,50456.75924965717,61582.99740924675
0.47777777777777775,51336.25569294872,61614.44200953075,0.2777777777777778,50267.69731682011,61989.79471899398
0.47777777777777775,50619.309339641084,61088.256610141485,0.2777777777777778,51035.521903270535,62921.00145264278
0.47777777777777775,51212.34885156664,61638.44269631233,0.2777777777777778,51407.450126481905,61679.5701175893
0.47777777777777775,50738.36649033215,62697.27092322209,0.2777777777777778,51202.73529580426,61019.84327311901
0.47777777777777775,51188.08334228108,61994.782676417904,0.2777777777777778,51026.68316880359,61977.72699063932
0.47777777777777775,51303.98753412673,62543.640337054574,0.2777777777777778,50504.50685687307,61832.73464896886
0.47777777777777775,50080.14850880636,61550.51911485911,0.2777777777777778,50609.2868109173,61467.06067422221
0.47777777777777775,50772.821489600545,61344.16236718157,0.2777777777777778,51292.80512581949,62450.28893024084
0.47777777777777775,50756.2781023919,61057.76588264652,0.2777777777777778,51210.55332604629,61714.280998623544
0.47777777777777775,51349.978519038414,61574.58103796612,0.2777777777777778,50624.278757256216,61729.83334199012
0.47777777777777775,50989.367087831975,61858.987643161934,0.2777777777777778,50845.55160846121,61497.28820423744
0.47777777777777775,51167.59858945091,60602.888545747395,0.2777777777777778,51482.46754914356,61832.196467638125
0.47777777777777775,51114.020749417876,61695.78747324368,0.2777777777777778,51337.99598054476,61233.372912130544
0.47777777777777775,51092.32085249624,61243.60672946416,0.2777777777777778,50611.38530989156,62363.03003190962
0.5222222222222221,51317.948146281014,62815.92259652877,0.32222222222222224,51481.217432653124,61465.40169426224
0.5222222222222221,51205.994241010696,61808.04625335069,0.32222222222222224,51195.97888244317,62231.32380594257
0.5222222222222221,50774.34541464446,62454.787317114286,0.32222222222222224,50690.337755092885,62245.16566318144
0.5222222222222221,51395.93326720765,62344.93765803004,0.32222222222222224,50254.218594598846,61603.22074018135
0.5222222222222221,51092.34859611398,62268.14665434221,0.32222222222222224,51343.92341727253,62081.41679601681
0.5222222222222221,51078.65656950925,61976.22614703345,0.32222222222222224,51085.154608237106,61979.12532427385
0.5222222222222221,51489.8495661879,62321.72508723722,0.32222222222222224,51312.89573521065,62359.21511337317
0.5222222222222221,51756.38194207224,62725.09935675868,0.32222222222222224,51440.19350082243,62129.50126679758
0.5222222222222221,51249.85137728313,62464.35698326482,0.32222222222222224,50850.23852422918,61788.15846190684
0.5222222222222221,50632.51747874317,62127.87192768604,0.32222222222222224,50516.0211154163,61865.2717559824
0.5222222222222221,51282.44252615326,61375.29863902964,0.32222222222222224,50741.25228292303,62867.45604379558
0.5222222222222221,51325.82214127068,61687.053179375194,0.32222222222222224,50520.97564885394,62585.34772540836
0.5222222222222221,50686.31916584686,61901.92388808402,0.32222222222222224,50910.57547278203,61963.43018962141
0.5222222222222221,51095.85777799078,61502.652388150935,0.32222222222222224,51245.03848975014,61357.39789060511
0.5222222222222221,51539.43284841802,62255.37578634776,0.32222222222222224,50644.456910304376,61446.09727669102
0.5222222222222221,52073.600626391366,62316.70689442662,0.32222222222222224,50854.31529302267,61612.06909577674
0.5222222222222221,51396.513700062605,61739.734532790346,0.32222222222222224,51703.016033097345,61774.99492966628
0.5222222222222221,50520.205965554465,62476.244727875244,0.32222222222222224,49855.19652433022,61899.45027136764
0.5222222222222221,50564.46612835773,62487.59140944282,0.32222222222222224,51448.17215540784,62881.80089239476
0.5222222222222221,51964.37334721686,62639.55100978853,0.32222222222222224,50929.69783430143,61808.21663264839
0.5222222222222221,51396.3344192288,62301.41522157138,0.32222222222222224,51037.21846364418,62274.19473643422
0.5222222222222221,50919.13113150525,62109.38609716009,0.32222222222222224,50480.00244084138,61944.44148592442
0.5222222222222221,50828.39677424706,61508.96455784976,0.32222222222222224,51019.67716260184,62089.568294613026
0.5222222222222221,51128.82478240191,62720.61119744431,0.32222222222222224,50972.172952095076,61598.775663918736
0.5222222222222221,50466.71185407557,62865.914883068326,0.32222222222222224,51213.815773662944,62044.38028364256
0.5222222222222221,51719.7032275419,62365.16607867261,0.32222222222222224,51020.94216939668,61525.402593722
0.5222222222222221,51313.633785248305,62073.54346691156,0.32222222222222224,51364.538355689605,61592.699021907785
0.5222222222222221,51132.11941277875,61934.87392985103,0.32222222222222224,51852.66339479314,61477.03938174702
0.5222222222222221,51126.9301499007,62236.57974723542,0.32222222222222224,51425.55241620453,61112.57502939429
0.5222222222222221,52051.73311128681,62449.47468885601,0.32222222222222224,49915.29108341343,61789.28311949595
0.5222222222222221,51006.40957686407,62117.21332328149,0.32222222222222224,49914.59415804075,62431.52824195704
0.5222222222222221,50754.48197695265,61892.45210460733,0.32222222222222224,51033.54271488877,62767.18198069224
0.5222222222222221,51566.45895698257,61919.68311625134,0.32222222222222224,50960.84774543181,62188.24179049997
0.5222222222222221,50802.34313775381,61870.41036865161,0.32222222222222224,50910.34717106991,61629.70139467851
0.5222222222222221,50746.52158502278,62730.25920433842,0.32222222222222224,50841.057269007586,61464.690404045774
0.5222222222222221,51182.4626490421,62025.50935441591,0.32222222222222224,51238.15373959755,61912.74295836533
0.5222222222222221,51125.751931039464,62275.311921529,0.32222222222222224,50994.32064949513,63478.53180380611
0.5222222222222221,50737.46435057283,61471.86886298456,0.32222222222222224,50842.91955001722,62223.54606263656
0.5222222222222221,51780.36247018041,62660.678538294895,0.32222222222222224,51017.376756169,62645.46379498484
0.5222222222222221,51300.01240804293,62626.26363499772,0.32222222222222224,51163.673611083395,61930.95531107017
0.5222222222222221,52068.293135326574,61898.96481508858,0.32222222222222224,52190.7027313428,61636.82434404404
0.5222222222222221,50551.09408237658,62497.42497730549,0.32222222222222224,50947.52485782223,62524.907883379914
0.5222222222222221,50377.698126141826,62185.65299360325,0.32222222222222224,50635.37745132102,62449.472712634364
0.5222222222222221,50961.89540293073,62503.61055887105,0.32222222222222224,50804.708703359815,62568.28479723919
0.5222222222222221,50869.973712232495,62766.5515555184,0.32222222222222224,51532.95020586707,62021.624902670905
0.5222222222222221,50737.6693583455,62519.56699735268,0.32222222222222224,50544.207819842995,61870.928840784516
0.5222222222222221,50777.9042557804,62440.8939142791,0.32222222222222224,51037.036298214196,62510.80227251418
0.5222222222222221,50603.788217763926,62154.609745080954,0.32222222222222224,51204.73448325016,62335.620437665595
0.5222222222222221,51772.15690619152,62224.16926673753,0.32222222222222224,51219.108899183695,62489.77617418559
0.5222222222222221,51702.649701669936,62153.52942670295,0.32222222222222224,50944.238953183856,62149.11164695366
0.5666666666666667,51080.80870317826,62585.99124728123,0.3666666666666667,51147.520864366496,61981.02218222638
0.5666666666666667,51642.53166127499,61547.23005616592,0.3666666666666667,51639.18698727335,62695.32098700975
0.5666666666666667,51594.475855512675,62030.082413586,0.3666666666666667,51736.227735324836,61818.15027203178
0.5666666666666667,50739.11444185299,62769.28833341422,0.3666666666666667,51308.7379088721,62746.18352220855
0.5666666666666667,52002.58479707307,62608.20309240641,0.3666666666666667,51884.78154496045,61445.68420906321
0.5666666666666667,50655.62965740679,62164.71974485549,0.3666666666666667,51131.89024326355,62105.39188808285
0.5666666666666667,51124.19974590378,62598.048470114365,0.3666666666666667,51928.753618038434,61095.32509096367
0.5666666666666667,51297.39340916519,62747.614901721754,0.3666666666666667,50609.675019651695,62916.51631004819
0.5666666666666667,51833.3197486548,62672.372289095474,0.3666666666666667,50898.47338072862,61549.27006015348
0.5666666666666667,51782.37367962239,62365.144844487644,0.3666666666666667,51889.351904099414,61484.092651387284
0.5666666666666667,52981.28556329711,62776.590296918126,0.3666666666666667,51644.35136116146,61419.8719352456
0.5666666666666667,51675.357649060155,63378.84040519392,0.3666666666666667,50412.067678298146,62300.070661489786
0.5666666666666667,51377.422734762724,62177.245844299854,0.3666666666666667,50709.17880821812,62336.167533380896
0.5666666666666667,51986.550356292806,63182.57148330063,0.3666666666666667,52034.355787475826,62122.493054618186
0.5666666666666667,51410.086485862295,63379.813768922104,0.3666666666666667,51947.22699353033,62362.14587716038
0.5666666666666667,51291.690428710775,62966.14147456158,0.3666666666666667,51611.26954554535,61023.3835863566
0.5666666666666667,52091.09953171017,62549.16450771141,0.3666666666666667,51451.48568150776,62441.381792732944
0.5666666666666667,51561.73238825144,63013.00755552688,0.3666666666666667,50953.29870734046,63147.765453107626
0.5666666666666667,51150.240879227225,62092.92414224075,0.3666666666666667,50886.72914117343,61395.56288907234
0.5666666666666667,51999.82423842211,62653.382917331044,0.3666666666666667,51524.3118552067,61488.16184378251
0.5666666666666667,51080.538563334565,62547.05838584037,0.3666666666666667,51171.626736990256,62869.93213145854
0.5666666666666667,51587.59948131661,61715.35033088552,0.3666666666666667,51382.572490633334,62076.305908979906
0.5666666666666667,51691.32978212538,62704.22310192096,0.3666666666666667,50957.770210840885,62832.67131433199
0.5666666666666667,52160.88287388813,62390.504341420696,0.3666666666666667,50523.37584488782,62587.527536374
0.5666666666666667,52021.89205008747,62477.67722933409,0.3666666666666667,52230.137719632185,62471.71837746036
0.5666666666666667,51402.92037766303,62640.475624429,0.3666666666666667,51014.32414374075,62119.967298227406
0.5666666666666667,52379.95999604739,61880.254701186204,0.3666666666666667,50893.143144026086,61874.477467043485
0.5666666666666667,51580.87092274877,62521.115718628615,0.3666666666666667,51192.22118206303,62539.74226699666
0.5666666666666667,51319.065752745846,62791.50537963514,0.3666666666666667,51938.72007946603,61221.730012705884
0.5666666666666667,51886.33386898446,62765.81604329094,0.3666666666666667,49913.81003845753,63015.039716046755
0.5666666666666667,51950.935683831354,62374.51940368539,0.3666666666666667,51161.90171362505,62254.754381427425
0.5666666666666667,51309.057223987824,61999.56442379561,0.3666666666666667,51383.98122765256,62106.57015909147
0.5666666666666667,52324.7861783791,62406.64376546172,0.3666666666666667,52120.911627823094,62445.91435881164
0.5666666666666667,51184.725895065734,62803.331361813434,0.3666666666666667,50909.53322463295,62020.90869748096
0.5666666666666667,51886.87306369486,62153.95938444101,0.3666666666666667,51061.5678160899,61811.44709412625
0.5666666666666667,51926.67707194732,62348.349088900315,0.3666666666666667,51978.07701856903,62261.97920307729
0.5666666666666667,52048.643110447054,62229.54549815822,0.3666666666666667,50548.083033219016,62402.60103211537
0.5666666666666667,51701.05699569753,62521.354909957234,0.3666666666666667,51852.85482562295,62730.40818686116
0.5666666666666667,50770.14441148587,61792.01777368342,0.3666666666666667,50753.428090579284,61645.46435193069
0.5666666666666667,50961.85690302203,62996.278445956916,0.3666666666666667,51846.99447592235,61387.844821095874
0.5666666666666667,50361.75573545024,62666.97298661296,0.3666666666666667,51318.7921129597,61915.737351603515
0.5666666666666667,51456.77859459033,61658.85218423538,0.3666666666666667,51790.154856268324,61672.63288610112
0.5666666666666667,50934.88576132262,62100.60757215682,0.3666666666666667,50735.098863447754,62508.51424843475
0.5666666666666667,51359.67906888621,63233.16789136885,0.3666666666666667,51531.09126547174,62879.798400252315
0.5666666666666667,51870.81429698225,62319.84577578398,0.3666666666666667,51369.796901718146,62374.742303806335
0.5666666666666667,50918.624588676386,61720.81308386031,0.3666666666666667,51657.891402980276,61514.6953609721
0.5666666666666667,51144.02909155922,62050.60639027028,0.3666666666666667,50693.50763415286,61556.601725307795
0.5666666666666667,51315.25934248058,62500.871931538735,0.3666666666666667,49790.489229310646,62621.07886877562
0.5666666666666667,51095.540367101385,62272.67790975487,0.3666666666666667,51848.175891032086,62477.99748218844
0.5666666666666667,50986.43592281572,62243.7602517282,0.3666666666666667,51323.37040358316,62242.48121920468
0.611111111111111,52273.51323090826,63092.237354251476,0.4111111111111111,51249.79414520763,63180.945049221955
0.611111111111111,51821.23069327791,63339.30478733,0.4111111111111111,51996.81470516201,62040.81804515687
0.611111111111111,52017.31685515653,63545.71552931979,0.4111111111111111,51776.62339354735,62948.047068099484
0.611111111111111,51849.764610313825,62935.90555369016,0.4111111111111111,51547.41888709504,62527.12368972478
0.611111111111111,51260.1699066154,62421.25733744236,0.4111111111111111,51398.85869896634,61592.32615254879
0.611111111111111,51996.68418642045,62777.80584453105,0.4111111111111111,50436.8805494019,62724.979027238514
0.611111111111111,50875.615680022645,61786.817284529934,0.4111111111111111,50672.03258050807,61638.69065015399
0.611111111111111,52629.36946494629,62340.36522149794,0.4111111111111111,50184.486970377555,62095.4798024673
0.611111111111111,51212.43619689584,63447.3722948145,0.4111111111111111,51409.390310578485,62560.79373999028
0.611111111111111,50951.268238890465,63099.03833453108,0.4111111111111111,51647.51977600177,62137.58399673669
0.611111111111111,52466.54397157994,63890.248477203924,0.4111111111111111,51275.86177868145,62756.242360945
0.611111111111111,51331.83141329718,62827.31488692037,0.4111111111111111,51454.21123713535,62040.8987803292
0.611111111111111,51357.36361904476,62824.35818599027,0.4111111111111111,51372.044710550574,61341.2176291697
0.611111111111111,52204.69133901048,62133.6770961984,0.4111111111111111,51222.28374965768,62024.13232796584
0.611111111111111,51879.53395356818,62735.58451678872,0.4111111111111111,51981.510578714246,61844.721275779666
0.611111111111111,52239.80609556965,63491.04328403785,0.4111111111111111,51280.56151492814,62118.91695751439
0.611111111111111,51351.98980599503,62777.942807465646,0.4111111111111111,50943.10968247834,62521.99927109408
0.611111111111111,52001.93692727212,63324.99383030693,0.4111111111111111,51013.12055906978,63259.3285856593
0.611111111111111,50319.31090069238,63278.108581409666,0.4111111111111111,50234.92576752923,62648.91872941439
0.611111111111111,52378.79650165935,62961.13801639025,0.4111111111111111,51179.82484239417,62308.17541053547
0.611111111111111,52030.64376688334,63472.711396767445,0.4111111111111111,51373.28347618709,62832.20970857713
0.611111111111111,51666.352410242944,63240.44873827102,0.4111111111111111,51354.75874758836,62833.99831818735
0.611111111111111,51561.89880423718,62807.249257531636,0.4111111111111111,51245.423237448056,61816.278483186776
0.611111111111111,51224.784841791145,62919.84455680044,0.4111111111111111,51177.65026635165,62909.79631057798
0.611111111111111,52498.983973110306,62382.08587930439,0.4111111111111111,51016.88160810809,61791.93152987844
0.611111111111111,51863.99201784791,62993.81087205789,0.4111111111111111,51531.94946740558,62501.639093734615
0.611111111111111,52292.96944005334,63664.77998844143,0.4111111111111111,50836.78537784318,62216.80451191377
0.611111111111111,51093.416803778775,62546.225607380184,0.4111111111111111,51131.38675836462,62336.52430112611
0.611111111111111,51295.762424307235,62591.233639494676,0.4111111111111111,51545.50507713183,62130.731700731
0.611111111111111,51356.33131219678,63006.86559291852,0.4111111111111111,51571.34436940499,62066.58870311788
0.611111111111111,51129.86206813347,62477.93758618125,0.4111111111111111,52055.37592874572,63177.26022604888
0.611111111111111,51160.26040029886,63079.6455796831,0.4111111111111111,50794.01905990174,61720.58230259042
0.611111111111111,51523.67138471989,62712.682605744754,0.4111111111111111,51711.32612913838,62462.27506822575
0.611111111111111,51134.615706637334,62031.30629749646,0.4111111111111111,51498.05632577306,62005.95573473495
0.611111111111111,52371.32241922709,62688.969489425945,0.4111111111111111,51155.995229144086,62160.916246928144
0.611111111111111,52910.801777697074,63219.729028783826,0.4111111111111111,51374.32271499796,61710.47332583649
0.611111111111111,52470.18197206434,63330.07697309039,0.4111111111111111,51172.55499921015,61705.44411591245
0.611111111111111,51634.81363439904,62534.50455430335,0.4111111111111111,50964.440333671846,62284.65942719822
0.611111111111111,51067.13559785731,63393.158841826305,0.4111111111111111,51475.93908711098,62628.49345917101
0.611111111111111,51688.07258007589,63141.583853725075,0.4111111111111111,51602.67963080265,61591.93830191142
0.611111111111111,51962.86730802992,63011.320527196236,0.4111111111111111,51854.26542028392,62010.933607088016
0.611111111111111,51319.626781404855,63339.684568841134,0.4111111111111111,50936.32642313597,62467.70710761694
0.611111111111111,51456.462131904394,62878.61796569215,0.4111111111111111,51053.72149504212,62514.246243190835
0.611111111111111,51914.25085887442,62803.851629908866,0.4111111111111111,51495.91850522564,61951.74550174859
0.611111111111111,50646.63162639063,63353.62708561011,0.4111111111111111,51130.35919614802,62256.2748554441
0.611111111111111,52183.01997051308,61917.77528753311,0.4111111111111111,51701.35851337963,62100.751899730625
0.611111111111111,51033.90995272479,63845.27314207609,0.4111111111111111,50967.87448882347,61822.524356080256
0.611111111111111,51671.57289480751,62835.10896996852,0.4111111111111111,50767.46522594599,61658.03046165611
0.611111111111111,51342.36385203077,62317.98200790502,0.4111111111111111,50870.690320965725,63130.115839012695
0.611111111111111,51458.34673440237,63320.54470291619,0.4111111111111111,51567.6758934744,62972.006504455945
0.6555555555555554,51769.93879808727,63471.808709613186,0.4555555555555556,50836.035742575725,61492.80128252118
0.6555555555555554,52660.63135203106,62876.427576443566,0.4555555555555556,51469.302110600736,63393.465613758446
0.6555555555555554,51929.215228106994,63668.86344713451,0.4555555555555556,51068.44324844339,62517.574844307834
0.6555555555555554,51311.32596104447,63255.693080699566,0.4555555555555556,50526.34353299949,62480.76987853674
0.6555555555555554,52713.94004009095,62996.54147643676,0.4555555555555556,51248.61721845418,61420.14448846162
0.6555555555555554,52311.95104677967,63096.098228061775,0.4555555555555556,50792.4429309618,61908.30160033343
0.6555555555555554,52677.57128643627,62343.932722248115,0.4555555555555556,50521.24785254458,62104.23932488662
0.6555555555555554,51810.25587328291,62427.23931909372,0.4555555555555556,51565.496294443496,62150.075437550026
0.6555555555555554,51427.339369637324,62813.257274019066,0.4555555555555556,51885.35574613528,62285.28683514046
0.6555555555555554,51644.29962421085,62572.520991319005,0.4555555555555556,51474.22019525906,62715.406507688116
0.6555555555555554,51741.90799899802,63396.89991890726,0.4555555555555556,52078.0510917241,62108.61169412649
0.6555555555555554,51011.82621146699,62849.20042165193,0.4555555555555556,51532.29086485527,61993.35329038819
0.6555555555555554,53048.27384415929,63331.28523609959,0.4555555555555556,52172.15895515832,61946.82219459617
0.6555555555555554,50868.90717568689,62466.43373428677,0.4555555555555556,51502.94922568943,63246.39685003244
0.6555555555555554,51890.729900464205,63216.999685953786,0.4555555555555556,50712.85026302626,62764.21527003693
0.6555555555555554,51484.056376927336,64263.32414511065,0.4555555555555556,50814.72112742991,63630.8488925361
0.6555555555555554,53087.1421882121,63034.4749867418,0.4555555555555556,50365.42554928017,61708.011994881206
0.6555555555555554,52214.25621074114,63628.24975232717,0.4555555555555556,50750.35033613644,61922.00684229565
0.6555555555555554,52305.714347516565,62846.62400577971,0.4555555555555556,51571.54609415109,63366.50680308812
0.6555555555555554,52747.50238638804,63132.36806854946,0.4555555555555556,51888.675653866085,62583.61781004374
0.6555555555555554,51988.77381829033,63167.68842178082,0.4555555555555556,51315.9025589493,62163.485522331546
0.6555555555555554,51707.9346916284,63305.86889663559,0.4555555555555556,51506.64760637883,62362.264755041906
0.6555555555555554,51184.83499088101,62181.09015707984,0.4555555555555556,51405.816564113484,62096.21420095678
0.6555555555555554,51671.08753977091,62726.45284820503,0.4555555555555556,50710.19680997551,62479.40133856509
0.6555555555555554,52051.52961677109,63383.56174602249,0.4555555555555556,51312.79602386927,62168.70023549063
0.6555555555555554,51784.51778762612,63907.454061943856,0.4555555555555556,50927.85606470266,62745.86981120373
0.6555555555555554,51774.66393834629,62437.59124519372,0.4555555555555556,51538.5852089883,63404.94174498657
0.6555555555555554,51665.955656950566,63752.15055009417,0.4555555555555556,52001.57602433854,61869.745428376016
0.6555555555555554,50835.650441297505,63119.648503141674,0.4555555555555556,51215.698198166174,61784.28230859776
0.6555555555555554,52065.50879505725,64492.78783393055,0.4555555555555556,50391.49317657635,63564.41121048836
0.6555555555555554,52381.90659624158,63232.974858348905,0.4555555555555556,52051.259363000354,62151.76470895192
0.6555555555555554,52038.157390951244,62217.8189865242,0.4555555555555556,51932.79918058741,63162.52682298922
0.6555555555555554,51252.91668482479,63492.14450222198,0.4555555555555556,50350.879026045004,62891.968495175286
0.6555555555555554,51858.361476105936,63311.037259965364,0.4555555555555556,51065.28431053182,62658.21418085549
0.6555555555555554,51794.83510461645,63164.12121787591,0.4555555555555556,52816.04220900507,63259.34786937738
0.6555555555555554,51829.24310201717,62638.64907453426,0.4555555555555556,51247.005046606275,63177.50341866445
0.6555555555555554,51663.31429160531,62544.614350952244,0.4555555555555556,50350.055541791946,62718.45308220499
0.6555555555555554,51467.97954940865,63764.61917126893,0.4555555555555556,51574.84947262544,62819.513182311915
0.6555555555555554,51687.40162252899,63464.58640430707,0.4555555555555556,51056.867738182504,62657.653551727475
0.6555555555555554,51835.42505483405,62974.220833220024,0.4555555555555556,51739.097459508324,61305.185727508775
0.6555555555555554,51273.49342447356,62966.63884046199,0.4555555555555556,51153.02272504592,62015.0105329919
0.6555555555555554,51869.367000768034,63456.74338872879,0.4555555555555556,51642.180886357935,63155.58582641907
0.6555555555555554,51838.94621005642,63491.40682563952,0.4555555555555556,51005.184763203084,61922.31989910477
0.6555555555555554,51017.692726497924,63599.99794545842,0.4555555555555556,51369.693083828264,61890.06116077001
0.6555555555555554,51213.6496074268,63658.41897524567,0.4555555555555556,51197.89462260423,62300.72555480438
0.6555555555555554,52028.98069948419,62231.57188559418,0.4555555555555556,51601.16248441195,62624.264459044265
0.6555555555555554,52146.25918987024,63664.21533658312,0.4555555555555556,51391.80956790033,63285.0919223119
0.6555555555555554,52406.71700795073,62782.367524613655,0.4555555555555556,51445.97587465484,62257.747778610574
0.6555555555555554,51867.48319881304,63513.89135819102,0.4555555555555556,51163.51590539289,62084.51429145378
0.6555555555555554,52145.94121148381,63371.42704759815,0.4555555555555556,50801.792966779074,61771.99545642409
0.7,51786.68187827169,63993.97187705457,0.5,51967.11622335337,62240.846471356606
0.7,52496.909983407255,63422.8608469517,0.5,51557.957737586636,62450.066883022955
0.7,51608.22259797947,63136.048330400925,0.5,51385.38800237205,63176.90055903196
0.7,52682.40885766611,63975.339192459214,0.5,51488.32821418103,62138.662625060584
0.7,51989.98010863998,63400.4133962395,0.5,51117.94373060651,63029.97301397669
0.7,51115.90661957216,63457.799447810954,0.5,51641.589268717486,63061.20666040287
0.7,51404.44242272291,63579.49973824588,0.5,51280.74928327802,61901.9780922928
0.7,52592.62362338072,63009.77422351378,0.5,51653.32399434562,62726.40945247099
0.7,52119.293380194016,63998.889881004965,0.5,51539.504443580234,61909.12817934561
0.7,52110.14769763612,63238.00851907487,0.5,51079.89176688287,62130.81587452938
0.7,52005.19320263606,63978.62435611394,0.5,51599.6833215451,62816.89703711007
0.7,52131.28892994872,63498.31470871983,0.5,51378.2560543839,63083.79235932358
0.7,52578.07156310581,63757.45893497521,0.5,52145.35582828497,62776.52818633907
0.7,51398.548785525025,63815.706330991,0.5,51735.53551496215,62329.22498008769
0.7,52474.77937739113,62881.34180645626,0.5,51037.28575919016,63104.87194286982
0.7,50865.63025206669,62979.03366561083,0.5,50962.62887149918,62948.5316769991
0.7,51948.750156158196,64004.89417252397,0.5,52259.735583269474,62926.740939051764
0.7,51554.52398290844,63777.560133327235,0.5,51359.533770760674,61929.83786880541
0.7,50553.809432609094,63590.15336018004,0.5,51481.65139557314,63104.5480671962
0.7,51796.629773057284,64549.2993908197,0.5,51310.520028562125,63110.746963925885
0.7,51053.95685638367,63492.74925859788,0.5,51582.51201461507,62745.67027429329
0.7,51050.889324187796,63225.14613341878,0.5,51241.60586910799,61871.97808469175
0.7,51149.42251719802,64650.39437004541,0.5,51187.444581169526,62383.47283793058
0.7,51822.22606596951,63394.48525334499,0.5,51687.72041304302,62592.387686963964
0.7,51978.633137447345,62933.86160360621,0.5,51941.58401061245,62740.67651174975
0.7,52527.61936683039,63820.09707274317,0.5,51147.825088430436,62192.56211175831
0.7,52458.96918133589,62891.01905898185,0.5,51098.31265491532,62680.38446799643
0.7,52567.65760762202,64009.920639663156,0.5,51213.60339583978,62061.780356636154
0.7,51883.80348250459,63947.510537771785,0.5,51903.35792801109,62676.155678899995
0.7,52136.33581164714,62703.00023392951,0.5,51537.359747480055,62188.688117715305
0.7,51908.59704904398,63259.244981110176,0.5,50879.20113052211,62518.88200508902
0.7,52042.70964402395,64010.56314386665,0.5,50385.89229027065,62989.90665498217
0.7,51179.32933223473,63278.211045979784,0.5,51047.98831306091,62466.147628002145
0.7,51589.08128351933,63110.554347344645,0.5,51613.4596491263,62487.682461196964
0.7,51588.44547558322,63534.08517774022,0.5,50815.812772114085,63352.85017990539
0.7,52261.58772641867,63674.16247944476,0.5,50633.708995731984,61481.72744630772
0.7,52092.834103779576,63810.872243912825,0.5,51837.3001680607,61870.28440472624
0.7,53190.163066755194,63567.94570715694,0.5,52026.39143726708,62788.44410218916
0.7,52510.56920140664,63982.09171728559,0.5,51541.50186292083,62315.48584951784
0.7,52888.89708151531,63780.25943247504,0.5,50987.29977426927,62411.87291378566
0.7,51577.84190951303,63652.44096051094,0.5,50961.391059247566,63203.83400246343
0.7,52125.56937170877,63907.591304393885,0.5,51028.62561924234,62853.17363028559
0.7,51563.30166525029,64133.16053697981,0.5,51902.60386406569,62159.40772998995
0.7,52002.61857457006,63919.68962696587,0.5,51588.29570920825,62153.06009244641
0.7,52154.83657903682,63561.295389160005,0.5,51313.23713808344,62370.682531774684
0.7,52116.928205241886,63835.99600569061,0.5,51052.27974776328,62678.89318595787
0.7,52979.32739703571,62491.31130758552,0.5,50792.94158235475,63064.61295613791
0.7,52270.00147446203,63521.98389800038,0.5,50859.23114913582,61966.45572220893
0.7,51911.446716397695,62318.36088843623,0.5,51273.85173219254,62413.7488229915
0.7,52290.10384062751,63437.51468155934,0.5,51577.77860312803,62642.41621282846
